customer_id,name,age,gender,city,signup_date,phone,email
CUST000852,Suhani Bhatia,28,Female,Bengaluru,2025-08-02,6628137214,wriddhishbhalla@example.net
CUST000853,Atharv Kar,32,Male,Mumbai,2024-03-03,00033228556,
CUST000719,Ridhi Nazareth,35,Female,Madras,2025-08-19,06403816649,kbalakrishnan@example.net
CUST000667,Rudra Barad,53,Male,Delhi,2026-07-04,4544901495,praneel77@example.org
CUST000557,Isaiah Singhal,53,Male,Hyderabad,2025-02-01,05456284177,loganpandya@example.net
CUST000551,Vinaya Thakkar,57,Female,Kolkata,2026-05-03,04683414651,bosewriddhish@example.org
CUST000649,Victor Dey,37,Male,Lucknow,2025-07-15,04617679298,kai59@example.net
CUST000036,Deepa Gade,52,Female,Surat,2023-11-29,01904966319,harshmitra@example.net
CUST000083,Umang Guha,23,Male,Nagpur,2023-10-23,09782071518,balveerkota@example.net
CUST000451,Fiyaz Dalal,55,Male,Kochi,2024-02-08,+915247871255,jasonjaggi@example.com
CUST000213,Nathaniel Dey,62,Male,Pune,2025-02-09,0744666099,hemalkapadia@example.net
CUST000583,Ranbir Bal,63,Male,Jaipur,2024-12-18,6501917920,jasmitdhaliwal@example.org
CUST000317,Tara Aurora,35,Female,Indore,2023-07-16,06333127975,bkoshy@example.com
CUST000447,Vrinda Padmanabhan,52,Female,Mumbai,2026-06-22,03839597246,yparsa@example.com
CUST000682,Harshil Trivedi,35,Male,Nagpur,2026-03-10,+910908830705,baghyawatisandhu@example.net
CUST000197,Daksha Srinivas,62,Female,Lucknow,2025-02-28,3271040541,oommenonkar@example.com
CUST000636,Tarak Sha,33,Male,Bengaluru,2026-03-06,5410727284,chavvisur@example.com
CUST000048,Amara Chand,30,Female,Indore,2025-10-21,+919904902787,pratyush96@example.net
CUST000781,Pratyush Zacharia,21,Male,Hyderabad,2024-09-06,+918252129328,rjain@example.org
CUST000601,Shivansh Ganesan,22,Male,Kochi,2025-07-20,6353390550,damyanti81@example.net
CUST000276,Unnati Kade,46,Female,Bengaluru,2023-12-09,05564729293,madanwarinder@example.net
CUST000773,Amrita Bal,52,Female,Delhi,2025-12-30,00702608698,nakulchaudhry@example.org
CUST000851,Dominic Taneja,49,Male,Chennai,2023-11-01,+911221823155,finn65@example.org
CUST000931,Aadhya Pant,58,Female,Kochi,2025-12-21,+915560571219,deshpandeurvashi@example.com
CUST000549,Megha Madan,19,Female,Mumbai,2024-08-04,1025625889,lsood@example.org
CUST000112,Zashil Baria,64,Male,Surat,2024-03-22,+910257872982,eiravati26@example.net
CUST000871,Chameli Soman,51,Female,Mumbai,2024-09-03,08113176539,ubanerjee@example.com
CUST000850,Qarin Dhar,49,Male,Ahmedabad,2023-12-15,06806562590,ekiya99@example.org
CUST000684,Yashica Nayak,38,Female,Delhi,2024-07-12,07815061853,anandyatan@example.org
CUST000065,Faras Sachdeva,29,Male,Lucknow,2023-12-22,1796405377,jananichaudhary@example.net
CUST000185,Kritika Parekh,32,Female,Mumbai,2025-03-04,08044206788,girindrashere@example.org
CUST000730,Upasna Maharaj,28,Female,Chandigarh,2025-07-07,07938970155,dinharrison@example.com
CUST000722,Vrishti Ramesh,63,Female,Delhi,2026-02-10,3767316252,snarain@example.net
CUST000768,Tristan Joshi,36,Male,Delhi,2024-10-04,00776336911,yashawinivarty@example.org
CUST000325,Gaurav Edwin,57,Male,Lucknow,2024-10-06,4999827950,mistryekantika@example.com
CUST000238,Charan Kapur,63,Male,Chandigarh,2024-11-12,8638406665,aryazayan@example.org
CUST000770,Sachi Salvi,53,Female,Ahmedabad,2026-04-20,,rbabu@example.net
CUST000068,Ojasvi Babu,44,Female,Ahmedabad,2023-12-25,+914026811775,sethyahvi@example.org
CUST000393,Leela Gaba,46,Female,Indore,2023-10-03,0257252045,dparekh@example.com
CUST000341,Upasna Saran,60,Female,ahmedabad,2025-05-16,5832197199,
CUST000030,Leela Kota,58,Female,Mumbai,2025-03-13,4873471434,ekaja81@example.org
CUST000843,Pallavi Mukhopadhyay,25,Female,Chandigarh,2024-07-04,9691928455,kalasolanki@example.org
CUST000071,Sarthak Chandran,47,Male,Bengaluru,2025-03-16,06545271111,vchar@example.net
CUST000874,Aarnav Ram,44,Male,Hyderabad,2026-06-09,2604235973,gdalia@example.org
CUST000787,Daksha Sunder,63,Female,Hyderabad,2024-05-05,+919739641789,qvenkataraman@example.com
CUST000940,Balendra Rana,58,Male,Chennai,2024-06-18,+913419031061,samuel72@example.org
CUST000403,Charles Randhawa,39,Male,Surat,2024-05-13,08112669121,rushil53@example.net
CUST000400,Inaya Manda,39,Female,Kolkata,2025-10-25,+918013875927,gollaisha@example.com
CUST000793,Sneha Borra,64,Female,Chennai,2023-07-16,+911196425856,lekhachawla@example.net
CUST000232,Raagini Manne,18,Female,Kolkata,2026-05-29,8510272614,raghavdara@example.com
CUST000067,Hritik Kaul,55,Male,Nagpur,2024-11-26,02904228421,deepalexander@example.com
CUST000757,Nidra Prabhakar,38,Female,Chandigarh,2024-04-10,+914555746966,ravalchristopher@example.com
CUST000797,Chasmum Tripathi,54,Female,Chennai,2024-04-03,,chatresh79@example.com
CUST000542,Hemangini Rajagopalan,61,Female,Chennai,2025-05-19,06492151826,rameshvrinda@example.org
CUST000294,Ojasvi Sidhu,47,Female,Indore,2024-03-02,09821827448,sudiksha08@example.com
CUST000338,Dominic Chander,22,Male,Bengaluru,2026-03-08,7174773329,januja62@example.net
CUST000211,Laksh Sampath,28,Male,Lucknow,2023-12-11,05743748969,ambleyasti@example.net
CUST000358,Rishi Natarajan,49,Male,Jaipur,2025-11-25,+914427173962,
CUST000260,Ranbir Rajan,22,Male,Surat,2024-05-22,+911038862912,ybarad@example.net
CUST000539,Wyatt Manne,55,Male,Ahmedabad,2025-03-14,+913330591266,
CUST000241,Bina Nadkarni,49,Female,Chandigarh,2024-05-21,3281826886,pallatimothy@example.org
CUST000983,Vedant Chakraborty,24,Male,Bengaluru,2024-02-01,4285969325,menonansh@example.net
CUST000591,Udarsh Deep,34,Male,Kochi,2023-08-03,04596063399,duawidisha@example.org
CUST000052,Daniel Dube,33,Male,Chennai,2024-02-19,,mhalder@example.net
CUST000444,Udyati Bains,36,Female,Hyderabad,2024-04-30,+912277707933,manya05@example.org
CUST000434,Krishna Tara,27,Female,Chandigarh,2025-05-27,1504165915,ayushbumb@example.com
CUST000764,Vinaya Halder,30,Female,Jaipur,2024-04-15,+916477251295,xwable@example.net
CUST000559,Daniel Sama,38,Male,Kochi,2026-04-07,08725686211,datenachiket@example.com
CUST000438,Girik Saraf,53,Male,Surat,2024-05-12,6108573278,mannanupadhriti@example.com
CUST000121,Ekalinga Thaman,23,Male,Lucknow,2025-05-27,04315274205,reyansh29@example.net
CUST000300,Nisha Nair,57,Female,Jaipur,2023-08-31,06659398368,
CUST000505,Shravya Bassi,28,Female,Bengaluru,2024-05-21,+912484137681,faraj18@example.com
CUST000669,Kai Talwar,50,Male,Pune,2023-08-15,+913229031028,cnadig@example.net
CUST000607,Fariq Sarkar,54,Male,Kolkata,2026-01-31,+911281964825,girikchander@example.org
CUST000617,Kamala Bhatti,52,Female,Mumbai,2024-07-10,04938318491,usaran@example.com
CUST000893,Ekbal Brahmbhatt,26,Male,Surat,2024-10-08,6263355643,vihaan69@example.com
CUST000820,Jasmit Dhawan,55,Female,Bengaluru,2024-03-19,02642506420,troy@example.net
CUST000536,Elijah Banerjee,48,Male,Bengaluru,2025-05-23,5481497374,zbhargava@example.com
CUST000091,Amrita Nagar,60,Female,Hyderabad,2024-12-03,+915220472779,buchanirudh@example.com
CUST000796,Sara Lal,38,Female,Jaipur,2025-01-10,5465535851,ekantakoshy@example.net
CUST000299,Gaurav Sagar,24,Male,Chandigarh,2025-08-09,1957612286,nakul89@example.com
CUST000863,Aadi Basu,18,Male,Lucknow,2026-01-31,6873045195,isodhi@example.org
CUST000375,Falan Ahluwalia,45,Male,Mumbai,2024-11-20,00078068671,ptandon@example.org
CUST000554,Patrick Behl,29,Male,Kolkata,2025-04-13,07625153814,vasudha44@example.org
CUST000838,Abha Chakrabarti,43,Female,Bengaluru,2025-05-10,09591945757,xalak47@example.com
CUST000139,Yagnesh Babu,26,Male,Nagpur,2023-12-23,+918860084840,ggola@example.org
CUST000672,Faris Pillay,34,Male,Ahmedabad,2026-06-23,+914290193588,tanveer69@example.org
CUST000484,Chaitanya Bhasin,30,Other,Pune,2026-04-11,+914968549822,mmore@example.com
CUST000562,Anjali Mahal,36,Female,Indore,2024-05-05,+912609310668,vihaan35@example.com
CUST000433,David Palla,24,Male,Delhi,2025-04-23,+913422849939,vorapranit@example.com
CUST000487,Jasmit Karpe,60,Female,Surat,2025-04-25,,advaith15@example.org
CUST000104,Dhruv Sant,55,Male,Pune,2024-07-10,0182422535,farhan43@example.net
CUST000675,Zayyan Bose,37,Male,Kochi,2024-10-15,,mdevi@example.com
CUST000788,Chatura Chaudhari,49,Male,Hyderabad,2025-09-22,1135996605,ksharma@example.net
CUST000321,Ojasvi Gade,19,Female,Hyderabad,2025-05-04,1117518689,kritikarai@example.org
CUST000129,Zinal Raghavan,62,Female,Hyderabad,2024-07-05,,khoslasamuel@example.org
CUST000553,Aarush Sandal,60,Male,Hyderabad,2025-05-06,8538909728,parthborde@example.com
CUST000457,David Batta,20,Male,Indore,2024-08-22,1749075399,inayamistry@example.com
CUST000654,Bahadurjit Sarna,36,Male,Pune,2025-11-12,06191284117,charanzachariah@example.com
CUST000110,Mekhala Yadav,41,Female,Kochi,2024-08-17,+911624565060,jananimani@example.org
CUST000207,Chaitanya Guha,37,Male,Nagpur,2026-01-02,03678508214,xdeshmukh@example.net
CUST000291,Ira Patel,51,Female,Nagpur,2025-07-29,+913136502491,akibe@example.org
CUST000390,Oliver Bhatti,41,Male,Delhi,2023-11-04,,ryangrewal@example.com
CUST000184,Naksh Ray,46,Male,Kochi,2026-04-11,+918537474112,banjeet35@example.org
CUST000167,Pavani Bava,24,Female,Chandigarh,2024-11-19,+911701277063,chasmumdutt@example.com
CUST000101,Hredhaan Mangal,0,Male,Hyderabad,2025-10-04,7312172715,dhruv88@example.com
CUST000574,Jason Sha,59,Male,Delhi,2024-01-10,6182091660,aryacaleb@example.org
CUST000697,Saksham Solanki,42,Male,Pune,2024-05-21,9307464520,niharika04@example.net
CUST000989,William Kapur,62,Male,Nagpur,2025-05-19,+910869661016,falanbumb@example.net
CUST000220,Girindra Gala,52,Male,Pune,2026-04-30,00332309821,
CUST000586,Yutika Purohit,45,Female,Chandigarh,2025-10-18,+913690362891,usood@example.net
CUST000890,Gaurika Chand,43,Female,Bengaluru,2023-09-12,9471136337,oscarkannan@example.com
CUST000057,Vamakshi Ganesan,28,Female,Surat,2024-11-06,4005045562,nishagole@example.org
CUST000388,Yatan Nadkarni,55,Male,Pune,2025-01-23,9805626565,manehemani@example.com
CUST000138,Anay Borde,35,Male,Pune,2024-11-02,0062312038,dprakash@example.net
CUST000043,Urvi Oak,18,Female,Ahmedabad,2024-10-04,+910471167190,manthanmodi@example.org
CUST000362,Ikshita Mistry,43,Female,Delhi,2024-10-04,6157173203,kharevrinda@example.com
CUST000212,Lohit Misra,36,Male,Jaipur,2026-02-27,1715454443,zansikhosla@example.org
CUST000724,Balvan Karpe,61,Male,Surat,2025-10-25,+917303461562,sdora@example.com
CUST000928,Yamini Warrior,22,Female,Surat,2025-07-27,08179415152,igulati@example.com
CUST000290,Krishna Bandi,26,Female,Bengaluru,2024-08-25,+917183764520,kulkarnivasana@example.net
CUST000384,Gaurika Khanna,47,Female,Chandigarh,2026-04-17,+910592745238,nadighemangini@example.org
CUST000385,Vanya Zacharia,61,Female,Indore,2026-01-15,+918410672752,tripathigarima@example.net
CUST000555,Ronith Kalla,52,Male,Lucknow,2025-06-11,08079705097,chanchal51@example.org
CUST000322,Oliver Doctor,65,Male,Delhi,2024-03-26,+912206447421,samakshaggarwal@example.net
CUST000408,Xalak Zacharia,23,Female,Surat,2026-06-23,7782806479,xpandit@example.com
CUST000488,Ekavir Mannan,37,Male,Mumbai,2025-02-24,03950033423,owen58@example.org
CUST000563,Azaan Uppal,40,Male,Kochi,2023-12-19,00414545635,gopalbanjeet@example.org
CUST000114,Atharv Srinivasan,53,Male,Kolkata,2025-03-07,+918962309130,amurthy@example.org
CUST000010,Gayathri Lanka,150,Female,Kolkata,2025-01-30,9638346578,pdara@example.org
CUST000439,Waida Mital,45,Female,Ahmedabad,2026-06-25,+912438649081,varghesehritik@example.net
CUST000531,Manan Hayer,57,Male,Jaipur,2025-02-02,2898027148,cganguly@example.org
CUST000369,Pratyush Zacharia,45,Male,Kochi,2023-10-05,3734031277,nathanielbassi@example.org
CUST000005,Sachi Madan,64,Female,Indore,2023-10-07,8350305641,divyakala@example.net
CUST000221,Arunima Chokshi,45,Female,Mumbai,2023-09-30,0016761847,sameshandra@example.com
CUST000028,Vedant Sachdeva,28,Male,Pune,2025-12-17,9367632016,patrickvasa@example.com
CUST000618,Guneet Bawa,18,Male,Bengaluru,2024-10-09,07046117295,kkhalsa@example.org
CUST000263,Yoshita Amble,42,Female,Surat,2026-07-07,03565126944,npau@example.com
CUST000070,Sai Wali,33,Female,Hyderabad,2025-04-14,,odikanori@example.com
CUST000568,Ikshita Rao,58,Female,Lucknow,2024-10-15,08812786866,samuel20@example.org
CUST000247,Amruta Som,39,Female,Surat,2025-11-06,+918326842450,jatinbarman@example.org
CUST000934,Radhika Comar,42,Female,Surat,2024-07-04,+914551293913,malhotradeepa@example.net
CUST000252,Lekha Bose,62,Female,Surat,2024-07-31,1080996930,urmi25@example.com
CUST000456,Yoshita Oak,36,Female,Jaipur,2023-09-24,2008943468,bhasinkashish@example.com
CUST000331,Nakul Wason,42,Male,Chandigarh,2025-05-06,+913955124056,lopagrover@example.net
CUST000253,Maanav Desai,44,Male,Kolkata,2024-10-31,08816580392,sanayadutta@example.org
CUST000985,Sneha Dalal,34,Female,Nagpur,2025-10-29,06072348389,eshanapathak@example.net
CUST000959,Alexander Bali,23,Male,Delhi,2025-12-02,+910001529113,cchaudhari@example.net
CUST000190,Imaran Balan,38,Male,Kochi,2024-08-08,00785932133,daksh39@example.com
CUST000535,Edhitha Venkatesh,20,Female,Kolkata,2026-04-30,9931608752,
CUST000789,Ryan Sankaran,58,Male,Chandigarh,2025-01-11,0392051460,wkulkarni@example.net
CUST000802,Jonathan Tata,62,Male,Kolkata,2024-08-28,+912463351571,anmol90@example.net
CUST000234,Tarak Subramanian,57,Male,Lucknow,2025-07-20,2922169958,msahota@example.net
CUST000653,Aarnav Parsa,65,Male,Surat,2024-10-06,09815287339,wtella@example.com
CUST000230,Vanya Chakrabarti,47,Female,Kolkata,2023-09-24,07517016608,chanddaksha@example.net
CUST000315,Nathaniel Sachdev,55,Male,Surat,2024-09-07,04742312209,vihaan93@example.org
CUST000867,Ridhi Rana,27,Female,Indore,2024-11-24,6395613723,thamanhritik@example.com
CUST000370,Lucky Kadakia,38,Male,Nagpur,2023-12-17,04597010822,sundaramyutika@example.org
CUST000540,Gaurav Ben,52,Male,Surat,2026-05-19,+918596263013,tsuresh@example.net
CUST000265,Udant Edwin,58,Male,Mumbai,2024-11-02,123,dhillonurishilla@example.net
CUST000350,Kalpit Bhat,39,Male,Kochi,2025-04-03,7929049047,dateyashasvi@example.org
CUST000503,Lakshit Jaggi,26,Male,Chandigarh,2025-01-23,+912716938597,kshere@example.org
CUST000879,Hredhaan Chaudhary,43,Male,Surat,2025-04-16,+916881228217,galayatin@example.net
CUST000428,Jeet Pingle,46,Male,Bengaluru,2025-01-19,7107256366,elijah18@example.org
CUST000656,Vrishti Lall,53,Female,Hyderabad,2026-04-28,0056435023,david37@example.org
CUST000125,Brinda Choudhury,44,Female,Mumbai,2026-01-28,+918839822587,jhavrinda@example.org
CUST000652,Indira Krishnan,44,Female,Chennai,2025-04-11,07433268319,
CUST000991,Vaishnavi Sabharwal,37,Female,Delhi,2025-06-01,2053440777,mahika20@example.net
CUST000006,Rudra Shanker,23,Male,Mumbai,2025-08-24,+914238849696,
CUST000597,Nathaniel Balay,44,Male,Kochi,2025-08-14,6056730306,zayyan21@example.org
CUST000718,Pahal Chaudhry,54,Female,Chandigarh,2026-04-11,+915427820797,erastogi@example.org
CUST000409,Bhavani Bala,41,Female,Kolkata,2026-05-17,0255905616,ishanvi65@example.org
CUST000066,Praneel Bhat,43,Male,Mumbai,2024-11-03,04317139005,jeremiahjha@example.org
CUST000603,Sai Mane,28,Female,Hyderabad,2024-05-12,6491111096,tanejaharish@example.net
CUST000307,Dayita Sachdev,59,Female,Bengaluru,2025-11-06,,cdhingra@example.org
CUST000747,Nidra Divan,43,Female,Bengaluru,2025-12-12,0458867925,
CUST000441,Sathvik Mishra,58,Male,Hyderabad,2025-11-16,09779452321,hitesh68@example.org
CUST000246,Saumya Dani,35,Female,Surat,2023-11-30,0919015814,gabriel47@example.com
CUST000954,Bina Dube,24,Female,Bengaluru,2023-10-28,01632488899,sneha29@example.net
CUST000708,Abdul Hayre,49,Male,Pune,2025-01-10,05830945154,
CUST000605,Aarini Prasad,23,Female,Kochi,2026-04-07,+918444463060,balmitesh@example.com
CUST000528,Warjas Nazareth,43,Male,Pune,2025-07-29,6555535669,parekhganga@example.org
CUST000126,Baghyawati Setty,63,Female,Ahmedabad,2024-08-12,+918679087406,aarush39@example.org
CUST000752,Dalbir Sathe,34,Male,Jaipur,2024-02-29,+917318939749,saniisaac@example.net
CUST000373,Krishna Jain,57,Male,Chennai,2024-06-26,02090421776,hemalkannan@example.com
CUST000479,Isaiah Sampath,51,Male,Mumbai,2024-04-17,+913325411076,nattzashil@example.org
CUST000638,Meghana Thakkar,44,Female,Lucknow,2025-11-02,,azadsolanki@example.com
CUST000926,Abhimanyu Sanghvi,21,Male,Indore,2025-05-03,+915370124244,bedwin@example.org
CUST000706,Kavya Ramaswamy,54,Female,Lucknow,2024-11-19,06754858193,arunimadhar@example.com
CUST000704,Karan Chaudry,42,Male,Ahmedabad,2025-05-05,+918965999497,omagate@example.org
CUST000606,Oviya Garde,47,Female,Jaipur,2023-11-01,6386396096,madhavighose@example.com
CUST000094,Saumya Singhal,44,Female,Indore,2024-07-07,+916540515319,kiaan05@example.net
CUST000880,Radhika Kar,38,Female,Kochi,2025-05-09,06060560356,vkar@example.org
CUST000716,Hemang Oommen,48,Male,Kochi,2024-08-25,8841834374,daliazansi@example.net
CUST000135,Sneha Khatri,34,Female,Jaipur,2026-01-17,,gshukla@example.net
CUST000097,Yuvraj Pillai,42,Male,Kochi,2024-02-17,4161692845,buchfalak@example.net
CUST000449,Adya Parmer,41,Female,Delhi,2025-09-10,05228015619,
CUST000795,Eta Arora,45,Female,Kolkata,2024-09-29,03097768893,hgrewal@example.net
CUST000518,Harrison Magar,24,Male,Hyderabad,2024-04-24,01566277689,ydugal@example.com
CUST000189,Ekantika Saini,34,Female,Pune,2025-03-29,+918380657875,lipika42@example.org
CUST000035,Anmol Balasubramanian,23,Male,Nagpur,2023-12-19,,xkunda@example.com
CUST000279,Pushti Issac,48,Female,Hyderabad,2025-09-05,9824558771,dmangat@example.net
CUST000883,Onveer Walia,38,Male,Jaipur,2026-02-19,9144449835,wriddhish93@example.com
CUST000910,Krisha Kara,38,Female,Chennai,2026-05-04,+916745847609,aarini12@example.net
CUST000459,Pavani De,34,Other,LUCKNOW,2026-03-06,03715869886,wishi67@example.net
CUST000105,Edhitha Mitter,24,Female,Pune,2023-09-27,8182992299,benjamin01@example.org
CUST000904,Eiravati Sagar,59,Female,Ahmedabad,2024-11-25,+913214505766,menonisha@example.net
CUST000804,Hemani Wason,23,Female,Nagpur,2025-01-22,+915129592728,saibalasubramanian@example.net
CUST000686,Ishita Gokhale,37,Female,Nagpur,2023-12-15,+916496935782,vincent47@example.com
CUST000150,Keya Nanda,55,Female,Nagpur,2025-09-24,04651939828,shenoyshaurya@example.com
CUST000560,Jagat Ben,36,Male,Lucknow,2025-01-21,5690674471,nkota@example.org
CUST000198,Bishakha Chander,24,Female,Chandigarh,2026-04-11,09970629620,
CUST000430,Hemal Lad,40,Female,Hyderabad,2026-01-19,+918757215862,jackson50@example.org
CUST000647,Vedika Saha,43,Female,Kochi,2024-09-01,,saxenabrijesh@example.com
CUST000810,Teerth Trivedi,18,Male,Chandigarh,2026-01-07,2850317235,janiwarhi@example.org
CUST000941,Raksha Nair,46,Female,Mumbai,2025-05-28,06847323653,vrishtisuresh@example.com
CUST000600,Vasudha Divan,51,Female,Ahmedabad,2023-12-25,05164807279,bansaltejas@example.net
CUST000765,Aishani Ratti,59,Female,Lucknow,2026-05-11,4096003562,udant95@example.net
CUST000772,Gaurangi Saini,52,Female,Surat,2025-07-31,+912822512073,netra54@example.net
CUST000136,Odika Jani,51,Female,Surat,2025-01-28,05609320489,jmerchant@example.org
CUST000173,Shivansh Pau,59,Male,Bengaluru,2026-06-13,2710910430,raoyashawini@example.com
CUST000100,Balvan Devan,32,Male,Indore,2024-10-19,5654310278,qdalal@example.com
CUST000687,Pranav Srivastava,61,Male,Hyderabad,2025-09-14,01314675361,ucchalnagar@example.net
CUST000933,Panini Sabharwal,32,Female,Lucknow,2025-07-10,+918517446004,qasim12@example.net
CUST000837,Tanay Krishna,31,Male,Mumbai,2026-05-23,03804421017,darpan96@example.org
CUST000737,Maanav Gokhale,25,Male,Nagpur,2024-01-02,+916865369455,nadkarniyadavi@example.net
CUST000508,Gaurang Menon,59,Male,Chandigarh,2025-01-03,+918621042752,bakhshiwalia@example.org
CUST000581,Xiti Walia,47,Female,Bengaluru,2026-05-08,3619689313,aarnav30@example.com
CUST000231,Vedant Om,0,Male,Pune,2025-05-03,00375899757,chatterjeetristan@example.org
CUST000960,Ayush Bal,30,Male,Chandigarh,2026-03-20,2556184442,divanvansha@example.com
CUST000470,Yamini Jani,40,Female,Bengaluru,2026-01-05,+915823868700,pmann@example.org
CUST000387,Pranav Chanda,48,Male,Jaipur,2023-11-27,00939834301,gchahal@example.com
CUST000248,Chaman Mody,18,Female,Lucknow,2025-01-08,+915368222394,ishwargolla@example.net
CUST000014,Arya Zachariah,28,Female,Lucknow,2024-11-23,+911326773602,yagate@example.com
CUST000807,Chakradev Nagi,45,Male,Pune,2024-11-01,9988683452,shora@example.net
CUST000413,Sai Kara,50,Male,Indore,2024-02-03,1919541987,wkadakia@example.org
CUST000534,Panini Guha,30,Female,Indore,2024-05-01,1952569040,lipikasampath@example.com
CUST000240,Kevin De,47,Male,Hyderabad,2024-02-28,+919405720259,mitravritti@example.net
CUST000985,Sneha Dalal,34,Female,Nagpur,2025-10-29,06072348389,eshanapathak@example.net
CUST000621,Amrita Kapur,40,Female,Hyderabad,2026-02-08,+910215632135,benaashi@example.org
CUST000573,Hiral Goda,38,Female,Indore,2025-02-18,+919724042269,ekarajdhar@example.org
CUST000564,Oeshi Kala,65,Female,Chandigarh,2024-12-17,07491624755,
CUST000412,Om Taneja,22,Male,Bengaluru,2024-05-23,5294563718,
CUST000620,Mahika Nadig,42,Female,Kolkata,2026-07-04,06185790647,xdara@example.net
CUST000132,Zaitra Nagar,46,Female,Lucknow,2025-04-20,6624628733,maanas70@example.net
CUST000334,Harshil Bansal,45,Male,Chandigarh,2024-09-23,06810409157,chauhandevika@example.org
CUST000979,Balhaar Nagi,23,Male,Nagpur,2023-11-25,3123455068,rajatachopra@example.com
CUST000203,Dipta Sen,27,Female,Chandigarh,2023-10-28,+912332061632,ekaja11@example.com
CUST000570,Anusha Divan,18,Female,Mumbai,2024-04-17,02403381059,ekta18@example.com
CUST000324,Jason Mall,55,Male,Chennai,2026-05-27,8302205020,garima10@example.org
CUST000379,Waida Kadakia,30,Female,Lucknow,2026-05-20,3554864015,sneha78@example.net
CUST000111,Zayyan Seshadri,57,Male,Chandigarh,2025-05-17,,maanas39@example.net
CUST000255,Ojasvi Chauhan,60,Female,Kolkata,2025-09-08,8449892665,
CUST000348,Raksha Chowdhury,56,Female,Surat,2023-09-02,7128478189,korpalurmi@example.net
CUST000525,Zaitra Saha,21,Female,Hyderabad,2025-07-02,4622522372,seshadrisimon@example.org
CUST000282,Avni Bal,35,Female,Chandigarh,2025-09-28,08114921643,bhanumatisavant@example.net
CUST000824,Reyansh Gera,31,Male,Surat,2025-03-19,09269326573,vidhimutti@example.net
CUST000784,Diya Doshi,61,Female,Surat,2026-05-29,+917245018481,qkata@example.com
CUST000984,Indali Gill,52,Female,Mumbai,2025-02-15,+911234266980,jbajaj@example.com
CUST000922,Jagvi Divan,20,Female,Bengaluru,2026-04-10,08486899936,shabina@example.net
CUST000668,Aayush Shukla,64,Male,New Delhi,2026-06-29,+915783609149,devansh72@example.com
CUST000543,Hemang Dalal,64,Male,Kolkata,2025-04-01,+919208751029,neelchahal@example.net
CUST000123,Matthew Apte,27,Male,Indore,2024-08-21,05301742684,merchantjhalak@example.net
CUST000950,Chakradhar Krishna,28,Male,Nagpur,2025-08-17,8307482073,gnarayanan@example.org
CUST000143,Kavya Ramachandran,54,Female,Kolkata,2023-08-20,8562185016,faqidoak@example.net
CUST000122,Unni Varma,61,Female,Indore,2024-11-03,01612275304,ckeer@example.com
CUST000771,Aradhana Dhaliwal,35,Female,Ahmedabad,2024-02-29,+912902822700,chaayaprabhu@example.net
CUST000495,Jackson Lanka,26,Male,Kolkata,2023-12-09,1514888143,daniekbal@example.com
CUST000298,Kiaan Wadhwa,55,Male,Chennai,2024-12-28,+911413811386,reyanshvora@example.net
CUST000994,Chatura Sibal,38,Male,Kochi,2026-01-03,1703211920,ochowdhury@example.com
CUST000103,Bhavini More,19,Female,Kolkata,2025-05-19,07866912517,wvarughese@example.org
CUST000671,Harsh Nanda,27,Male,Mumbai,2026-06-18,5616420595,nikita57@example.com
CUST000116,Raagini Lalla,43,Female,Bengaluru,2025-03-18,7334843443,enadig@example.com
CUST000437,Nilima Deep,19,Female,Nagpur,2023-12-20,01583776749,wchana@example.com
CUST000938,Gopal Wable,49,Male,Ahmedabad,2024-02-09,,salviaadhya@example.net
CUST000225,Pranit Munshi,35,Male,Chandigarh,2026-01-01,01100225579,girik55@example.org
CUST000002,Ira Saini,39,Female,Bengaluru,2025-11-22,+917940265423,harsh16@example.org
CUST000760,Lakshit Yogi,45,Male,Bengaluru,2025-09-03,07417215622,ryan81@example.com
CUST000919,Matthew Kadakia,55,Male,Chennai,2025-07-14,00526351004,fgrover@example.com
CUST000900,Vasana Gill,150,Female,Kolkata,2025-09-26,1329016204,zwadhwa@example.com
CUST000679,Hemani Upadhyay,23,Female,Kochi,2024-06-25,+912099576572,gunbir34@example.com
CUST000351,Jonathan Deo,54,Male,Bengaluru,2024-04-29,,
CUST000987,Teerth Lata,57,Male,Kolkata,2024-04-30,+918696561308,gsandhu@example.net
CUST000080,Indrajit Nath,35,Male,Mumbai,2024-05-24,+911818835523,dhingraaahana@example.org
CUST000653,Aarnav Parsa,65,Male,Surat,2024-10-06,09815287339,wtella@example.com
CUST000480,Warjas Khare,33,Male,Chennai,2025-01-31,00583199717,chadadarsh@example.org
CUST000076,Sarthak Mahajan,52,Male,Bengaluru,2025-12-24,+918156149784,kannanmegha@example.net
CUST000733,Dhruv Maharaj,65,Male,Hyderabad,2026-05-21,07951330531,triveni96@example.net
CUST000953,Tarak Dube,56,Male,Chandigarh,2024-06-12,1276025082,fchopra@example.org
CUST000897,Nimrat Muni,26,Other,Hyderabad,2026-01-04,,ksampath@example.org
CUST000308,Harish Prakash,35,Male,Jaipur,2025-10-23,+911103924051,shivani70@example.com
CUST000595,Ryan Bora,41,Male,Nagpur,2025-03-06,+916715778711,hritikranganathan@example.com
CUST000651,Azaan Krishna,38,Male,Kochi,2026-02-26,+910175902517,odeol@example.net
CUST000468,Kai Prashad,38,Male,Mumbai,2023-12-21,+910339937886,luthradarsh@example.com
CUST000892,Ranveer Bajaj,25,Male,Indore,2024-04-22,4376855078,msathe@example.org
CUST000547,Yashodhara Gade,27,Female,Ahmedabad,2025-08-27,02566093141,raydominic@example.com
CUST000859,Amruta Bedi,25,Female,AHMEDABAD,2025-08-12,+914047692105,rayaansampath@example.net
CUST000499,Shaurya Sandal,25,Male,Nagpur,2023-11-01,6845909022,mahika63@example.com
CUST000990,Oliver Bal,35,Male,Kochi,2026-03-10,+911680941491,chatura76@example.org
CUST000464,Omkaar Zachariah,62,Male,Bengaluru,2026-04-22,+917412094818,hanschatresh@example.net
CUST000277,Sai Hayre,58,Female,Ahmedabad,2025-03-14,+912702672885,qmital@example.net
CUST000790,Patrick Kothari,58,Male,Jaipur,2023-12-12,07057423885,xpall@example.org
CUST000750,Ayaan Sekhon,54,Male,Pune,2023-11-16,8334233720,arunima13@example.net
CUST000205,Nirja Lalla,56,Other,Mumbai,2025-11-09,07997024629,zbarad@example.com
CUST000064,Samarth Dada,51,Male,Jaipur,2026-05-05,+910047113826,qprabhakar@example.net
CUST000513,Rishi Deol,48,Male,Jaipur,2025-11-08,02571509976,yahviarya@example.org
CUST000916,Meghana Devi,32,Female,Nagpur,2023-11-02,+917942817934,ramaswamyhamsini@example.net
CUST000214,Rachita Tripathi,34,Female,Mumbai,2024-10-31,02824172482,gaurav35@example.org
CUST000166,Charita Shanker,55,Female,Hyderabad,2023-12-13,5186363745,geetika89@example.org
CUST000511,Ishita Rana,61,Female,Jaipur,2024-11-23,01331552065,ramachandransimon@example.com
CUST000571,Tara Menon,44,Female,Nagpur,2024-05-29,00053424089,rajaaarini@example.net
CUST000398,Chatura Bali,51,Male,Jaipur,2025-12-26,8907140140,
CUST000608,Abdul Dua,64,Male,Jaipur,2025-04-02,+919819602752,tristanmishra@example.org
CUST000427,Yachana Raja,36,Female,Surat,2024-03-22,+916393436262,mannanadweta@example.org
CUST000740,Fiyaz Sodhi,46,Male,Jaipur,2024-01-26,1509688327,wriddhish27@example.net
CUST000544,Anika Chad,56,Female,Chandigarh,2023-09-03,+918458260340,sai29@example.com
CUST000343,Upkaar Wali,40,Male,Pune,2025-04-10,06997335494,
CUST000421,Jagdish Kulkarni,30,Male,Indore,2026-02-25,6451837606,charvi13@example.com
CUST000870,Ansh Swamy,65,Male,Chandigarh,2025-08-19,+917550476816,vritti06@example.org
CUST000024,Anjali Chopra,56,Female,Indore,2025-11-21,6556981693,chaitanya60@example.net
CUST000798,Urmi Bhattacharyya,61,Female,Indore,2025-06-13,+910878057215,majumdarzayyan@example.net
CUST000199,Libni Manda,48,Female,Ahmedabad,2025-02-12,03106987205,sanegagan@example.com
CUST000050,Neel D’Alia,61,Male,Jaipur,2023-10-29,08087603859,wsathe@example.org
CUST000174,Siddharth Ratti,47,Male,Indore,2026-03-27,+918892414183,etaraman@example.net
CUST000333,Charita Sawhney,62,Female,Kolkata,2024-01-30,0782357845,guneetvarty@example.net
CUST000612,Ayushman Wason,36,Other,Jaipur,2023-09-13,+918823513052,fiyazdate@example.com
CUST000821,Suhani Dass,38,Female,Chennai,2025-12-06,5366677767,geetika56@example.org
CUST000921,Kashvi Varghese,49,Female,Ahmedabad,2024-07-30,7432600559,geetika01@example.com
CUST000093,Yasti Khurana,28,Female,Nagpur,2024-11-06,2460953962,viswanathanjalsa@example.org
CUST000650,Saksham Bir,47,Male,Lucknow,2026-04-24,+910231177533,ghoshleena@example.com
CUST000404,Darsh Kaul,40,Male,Chandigarh,2024-04-25,,rvaidya@example.org
CUST000072,Dhruv Bhasin,18,Male,Indore,2023-12-06,8851656049,indira19@example.net
CUST000355,Vihaan Khurana,64,Male,Chennai,2025-04-09,,sabharwalguneet@example.net
CUST000208,Harini Hans,54,Female,Kolkata,2025-03-27,+910307053457,rdasgupta@example.org
CUST000720,Netra Viswanathan,25,Female,Kolkata,2025-07-27,+919225014257,dgandhi@example.org
CUST000580,Liam Dhillon,49,Male,Chandigarh,2026-06-18,+915226557676,
CUST000392,Xalak Konda,55,Female,Kolkata,2026-02-12,+911471959796,vamakshi15@example.net
CUST000936,Wahab Patel,54,Male,Delhi,2025-09-19,08142983152,hemangbadal@example.com
CUST000745,Manbir Saxena,53,Male,Bengaluru,2025-05-18,07494902284,
CUST000320,Chandani Tella,40,Female,Bengaluru,2023-08-10,,djaggi@example.org
CUST000410,Jatin Keer,31,Male,Pune,2024-07-14,4911415208,baljiwan76@example.net
CUST000830,Yash Nagar,41,Male,Surat,2025-11-18,+910344765047,natarajanazad@example.org
CUST000032,Sachi Sood,18,Female,Lucknow,2026-07-01,+915466889373,rajata70@example.com
CUST000699,Darsh Ganesan,23,Male,Chennai,2024-02-14,+917106728728,arastogi@example.com
CUST000257,Idika Dugar,55,Female,Bengaluru,2026-05-04,09136517773,
CUST000465,Vyanjana Thakkar,35,Female,Nagpur,2026-06-08,+911820433971,neelima90@example.com
CUST000839,Jhalak Garde,37,Female,Indore,2023-11-23,+915677567772,lekhasaini@example.org
CUST000533,Chakradev Natarajan,53,Male,Indore,2025-06-04,+919915668633,jack41@example.org
CUST000303,Nicholas Subramanian,26,Male,Kolkata,2024-03-05,+917919409610,ijaya66@example.org
CUST000021,Upasna Datta,41,Female,Nagpur,2025-10-05,+914505331586,warjasgaba@example.org
CUST000943,Gaurang Sandhu,64,Male,Pune,2024-02-17,+917819754373,vansha64@example.org
CUST000236,Orinder Deo,36,Male,Lucknow,2024-04-04,2885158799,swalla@example.com
CUST000337,Aryan Cherian,150,Male,kolkata,2025-04-11,00166299795,gaurangi38@example.org
CUST000939,Aadi Contractor,33,Male,Kochi,2023-12-17,09342929132,kashyapzaid@example.net
CUST000717,Wazir Dey,36,Male,Kolkata,2025-04-24,09559690515,duttoviya@example.com
CUST000596,Suhani Narasimhan,48,Female,Hyderabad,2024-04-09,+915597371470,upmadhingra@example.net
CUST000878,Yashodhara Arora,33,Female,Kolkata,2024-04-03,+918498042537,ranbirsoman@example.com
CUST000383,Niharika Garg,29,Female,Indore,2023-12-12,03754025472,bhavikagopal@example.org
CUST000703,Lucky Sandhu,0,Male,mumbai,2025-07-04,4596488319,harshilkalita@example.com
CUST000625,Nimrat Setty,33,Female,Kochi,2023-10-18,2812356798,mugdhaguha@example.org
CUST000732,Ridhi Solanki,18,Female,Kolkata,2024-02-12,+916424809624,abdul63@example.org
CUST000507,Dakshesh Deshpande,23,Male,Surat,2023-09-07,07771183727,neel20@example.net
CUST000368,Tripti Khare,22,Female,Indore,2025-07-05,+919092791456,keerrehaan@example.org
CUST000271,Nakul Sachar,28,Male,Chandigarh,2024-07-13,08804341651,vamakshimurthy@example.com
CUST000705,Chakradev Din,23,Male,Calcutta,2025-09-12,+912705102876,tnarain@example.net
CUST000901,Saksham Vohra,29,Male,Chandigarh,2025-11-30,08599648628,zdate@example.org
CUST000739,Shaurya Sahota,51,Male,Jaipur,2024-09-06,03093299819,ubajaj@example.net
CUST000382,Madhav Gulati,29,Male,Pune,2024-08-18,+910385695579,tshankar@example.net
CUST000504,Mitali Shan,23,Female,Ahmedabad,2026-07-07,04692632967,sgoswami@example.net
CUST000026,Gagan Mitra,61,Male,Lucknow,2023-08-03,08044369957,rsathe@example.org
CUST000058,Balveer Raja,43,Male,Jaipur,2024-09-20,3792374740,rmani@example.net
CUST000079,Advaith Nair,34,Male,Nagpur,2024-04-11,+919751613696,randhawadayita@example.net
CUST000367,Gaurangi Babu,53,Female,Hyderabad,2026-04-30,01002194672,lukemadan@example.net
CUST000975,Diya Vora,28,Female,Jaipur,2024-06-29,9418433687,avi92@example.com
CUST000033,Tanmayi Gandhi,25,Female,Jaipur,2023-08-19,02980699016,triyagopal@example.org
CUST000577,Utkarsh Sane,29,Other,Kolkata,2026-04-20,02543617213,mandaishanvi@example.org
CUST000445,Tarak Sagar,33,Male,AHMEDABAD,2025-07-02,09984076789,tkata@example.org
CUST000690,Geetika Wason,24,Female,Chennai,2023-10-28,+911995298006,nathira@example.net
CUST000885,Daniel Manne,25,Male,Jaipur,2025-01-03,3395275367,tripti85@example.org
CUST000164,Ojasvi Master,37,Female,Mumbai,2023-09-01,09481260422,madhavnagy@example.org
CUST000204,Nicholas Majumdar,23,Male,Ahmedabad,2025-03-24,7099861622,cherianharrison@example.com
CUST000782,Neelima Ramakrishnan,56,Female,Lucknow,2025-02-05,6775240148,sathvik99@example.org
CUST000845,Kashish Krish,51,Female,Chennai,2026-06-16,,wadhwavritti@example.com
CUST000918,Chaaya Bhargava,29,Female,Surat,2024-06-30,1217221455,vasatikasaran@example.com
CUST000270,Timothy Purohit,51,Male,Bengaluru,2024-11-22,7357790714,rajathomas@example.net
CUST000306,Ekansh Srivastava,55,Male,Chandigarh,2025-11-15,3769389833,lataqushi@example.com
CUST000946,Aishani Narang,24,Female,Chennai,2025-08-17,,skrishnamurthy@example.com
CUST000520,Bimala Nath,38,Female,Nagpur,2024-06-02,+917323008576,vrana@example.com
CUST000022,Advik Gola,49,Male,bengaluru,2026-05-19,5634216073,trivenipalla@example.com
CUST000193,Alka Divan,56,Female,Indore,2026-06-19,2185156915,ekantika22@example.net
CUST000465,Vyanjana Thakkar,35,Female,Nagpur,2026-06-08,+911820433971,neelima90@example.com
CUST000425,Gavin Ramaswamy,59,Male,Pune,2023-10-25,09300893173,om06@example.net
CUST000417,Nilima Shetty,64,Female,Indore,2024-06-14,08660324204,patrick07@example.org
CUST000192,Anirudh Chana,64,Male,Jaipur,2025-01-27,+913930870593,harinigoel@example.com
CUST000219,Rehaan Thakur,62,Male,Kochi,2025-03-24,4210447898,radha25@example.com
CUST000868,Balendra Mohan,32,Male,Kolkata,2023-08-28,+916438130004,johalquincy@example.net
CUST000242,Oni Patel,63,Female,Pune,2026-05-18,03987801573,balveernagi@example.com
CUST000352,Zarna Bali,65,Female,Mumbai,2024-04-26,01292766372,hemanibhagat@example.net
CUST000637,Nandini Aurora,47,Female,Pune,2024-05-01,00349107406,aadi04@example.org
CUST000742,Noah Dutta,19,Male,Indore,2024-03-02,+917100687616,jai98@example.net
CUST000492,Yahvi Venkataraman,53,Female,Chennai,2026-02-22,02558777496,johaltheodore@example.org
CUST000952,Hemal Hayre,63,Female,Ahmedabad,2026-03-25,+913247073920,jayaramanjeevika@example.net
CUST000619,Adya Agrawal,61,Female,Pune,2026-02-13,04260880501,zchandran@example.com
CUST000060,Chakrika Bains,36,Other,Pune,2026-01-27,6409097439,theodore39@example.com
CUST000976,Harinakshi Dugar,26,Female,Indore,2024-08-08,+919982137455,fbose@example.com
CUST000423,Qushi Salvi,50,Female,Indore,2025-08-31,8570027206,dalajamurthy@example.net
CUST000908,Abha Deol,42,Female,Indore,2023-08-19,+916936268943,bhattinihal@example.org
CUST000074,Nilima Nori,26,Female,Lucknow,2025-01-04,00229612018,krishasaini@example.com
CUST000326,Bahadurjit Sane,37,Male,Indore,2026-06-12,1472145868,shauryabhardwaj@example.org
CUST000163,Urvashi Dalal,28,Female,Kochi,2024-03-01,+913959629233,panchalavni@example.net
CUST000674,Krish Hayer,54,Male,Kolkata,2026-02-05,4353537513,xrout@example.org
CUST000680,Arunima Vasa,54,Female,Kolkata,2025-05-19,9864565220,qushivenkataraman@example.com
CUST000446,Udyati Mutti,51,Female,Bengaluru,2024-01-02,1467179576,edwinbhavna@example.net
CUST000473,Ekani Agate,50,Female,Kolkata,2025-07-24,7002687681,yohannanazaan@example.net
CUST000999,Tara Balakrishnan,51,Female,Kolkata,2024-04-13,03970798661,ssridhar@example.org
CUST000869,Bhavna Kulkarni,39,Female,Chandigarh,2023-07-30,01656094565,dakshasangha@example.net
CUST000715,Qabil Palla,37,Male,Surat,2024-04-14,8720962893,ppalan@example.net
CUST000233,Vasudha Halder,44,Female,Lucknow,2026-02-11,5160917798,wishiagrawal@example.net
CUST000692,Abha Banik,38,Female,Ahmedabad,2025-09-30,+918186702440,yugbandi@example.com
CUST000448,Ishita Mandal,42,Female,Lucknow,2023-08-21,1722329716,pmitter@example.org
CUST000046,Vasana Bobal,31,Female,Pune,2026-03-31,123,ekbalbhasin@example.org
CUST000013,Chavvi Bhat,56,Female,Chandigarh,2023-12-04,05133387262,turvi31@example.com
CUST000481,Nirja Bhattacharyya,49,Female,Delhi,2024-07-26,+910704961108,menonlakshmi@example.com
CUST000295,Adya Patla,61,Female,Bengaluru,2024-10-15,3518638782,ekantika65@example.org
CUST000642,Manan Bera,22,Male,Chandigarh,2023-09-29,02607870104,
CUST000077,Aarini Jayaraman,18,Female,Ahmedabad,2026-06-28,03244510762,lajitawalia@example.net
CUST000206,Arya Soman,51,Female,Ahmedabad,2024-10-15,05054447132,saanvi54@example.net
CUST000258,Devansh Dyal,24,Male,Mumbai,2025-12-28,+918092024286,manderfrederick@example.org
CUST000587,Sachi Gala,60,Female,Mumbai,2025-10-08,+915634111595,khatribaghyawati@example.org
CUST000780,Varsha Sarin,57,Female,Kolkata,2024-06-14,1826832303,max98@example.net
CUST000415,Jalsa Sibal,56,Female,Nagpur,2024-04-04,08969083572,matthewmital@example.com
CUST000578,Dhriti Patel,20,Female,Surat,2025-02-22,+910922685926,charvimangat@example.com
CUST000758,Ekaraj Shan,29,Male,Pune,2024-03-06,00334450566,ryan39@example.net
CUST000711,Frado Peri,56,Male,Hyderabad,2026-04-21,123,sachibasu@example.com
CUST000530,Aadhya Nagy,22,Female,Chennai,2025-02-21,+915057397691,priya71@example.net
CUST000394,Zilmil Bose,38,Female,Ahmedabad,2024-07-30,3219285544,gopal89@example.com
CUST000589,Charita More,42,Female,Delhi,2024-12-26,+915468356521,nikita81@example.net
CUST000973,Abdul Goyal,50,Male,Surat,2023-09-20,+910091561829,kondakrishna@example.com
CUST000031,Kala Rajagopal,41,Female,Hyderabad,2024-05-19,2316658760,osharamachandran@example.net
CUST000249,Vihaan Bora,27,Male,Pune,2026-04-08,01413975523,maneekaraj@example.org
CUST000314,Isha Devi,54,Female,Hyderabad,2024-03-24,08262925188,goureesha@example.org
CUST000541,Raghav Chakraborty,48,Male,Ahmedabad,2025-03-15,06475011117,arinsrinivasan@example.com
CUST000741,Ojasvi Deo,22,Female,Jaipur,2025-04-24,01039773973,triyatella@example.net
CUST000955,Udarsh Sandal,62,Male,Hyderabad,2025-10-26,,keya87@example.org
CUST000792,Libni Sunder,47,Female,Pune,2025-08-04,05752250139,yashawini84@example.net
CUST000808,Tamanna Saran,18,Female,Kochi,2024-01-21,01707158796,widisha40@example.net
CUST000422,Faris Sarna,47,Male,Ahmedabad,2025-12-29,5604177656,dyaladvika@example.net
CUST000155,Varsha Nagar,34,Female,Surat,2025-11-20,+914010512382,gangasandhu@example.com
CUST000191,Gabriel Goda,30,Male,Lucknow,2024-07-24,+919559059929,waidamore@example.org
CUST000728,Anmol Dara,52,Male,Lucknow,2025-11-13,07509546540,praneel45@example.com
CUST000694,Neel Sandal,45,Male,Lucknow,2025-08-17,0447314976,pushti13@example.com
CUST000181,Oscar Andra,53,Male,Ahmedabad,2025-01-26,00641383670,atichander@example.org
CUST000345,Sai Ravi,40,Female,Hyderabad,2024-02-17,06832723865,sdube@example.net
CUST000045,Kevin Bumb,22,Male,Delhi,2025-05-17,+913281206797,bachittar34@example.net
CUST000774,Isaac Chanda,65,Male,Kolkata,2024-02-05,01177687290,vamakshi74@example.org
CUST000269,Utkarsh Raval,40,Male,Delhi,2025-03-02,0426818184,jackson84@example.net
CUST000169,Yochana Saxena,45,Female,Chennai,2026-07-06,+910516271361,chauhandhriti@example.com
CUST000304,Abdul Raja,49,Male,Delhi,2025-03-25,+914805892583,
CUST000964,Kavya Roy,59,Female,Pune,2024-01-13,9879509822,bhatamrita@example.org
CUST000756,Faras Naik,57,Male,Chandigarh,2025-03-11,+913622925879,oluthra@example.com
CUST000353,Devika Ben,65,Female,Delhi,2024-01-14,+917674783667,maanav86@example.org
CUST000092,Falan Wable,57,Male,Indore,2025-10-20,01434103697,choudhryxalak@example.net
CUST000819,Aishani Soni,23,Female,Jaipur,2024-09-27,6496737945,jsrinivas@example.com
CUST000336,Ishanvi Palla,64,Female,Kolkata,2025-11-08,5424932149,sachi02@example.org
CUST000786,Gaurang Patil,62,Other,Surat,2024-03-26,+917660144485,wkrishnamurthy@example.org
CUST000777,Reyansh Bava,46,Male,Surat,2024-01-05,+912020326509,wsule@example.org
CUST000262,Pushti Chaudhari,39,Female,Chandigarh,2023-12-22,02473149864,abdulamble@example.net
CUST000681,Chavvi Palan,20,Female,Mumbai,2026-06-26,02144773244,kataarya@example.org
CUST000776,Kritika Kara,34,Female,Delhi,2026-01-17,,pahal52@example.net
CUST000486,Wazir Sibal,23,Male,Kochi,2026-01-07,5995946521,fbasak@example.org
CUST000902,Balhaar Pillai,35,Male,Nagpur,2024-07-28,01966645057,amolkale@example.com
CUST000474,Diya Pandit,19,Female,Chandigarh,2024-06-02,09562017537,kantanmol@example.com
CUST000354,Vanya Raja,47,Female,Kolkata,2025-11-16,5801856945,
CUST000483,Darika Chauhan,31,Female,Kochi,2026-01-09,+919193928456,lsaxena@example.org
CUST000056,Nitesh Walla,23,Male,Chandigarh,2023-08-10,05780913431,wchaudhari@example.net
CUST000515,Kashish Sawhney,43,Female,Chennai,2025-06-17,5245086403,hema33@example.net
CUST000186,Darsh Arora,60,Male,Hyderabad,2025-03-29,+913236519941,bhattacharyyarudra@example.net
CUST000751,Dominic Virk,41,Male,Surat,2024-07-27,00333997718,
CUST000614,Nimrat Gandhi,41,Female,Chandigarh,2025-11-17,+917676945919,msanghvi@example.net
CUST000913,Tanmayi Sani,40,Female,Jaipur,2026-06-29,+914392529596,chaudhurifitan@example.org
CUST000224,Dayamai Tak,29,Female,Ahmedabad,2023-10-01,+911811437447,chaudhryowen@example.org
CUST000301,Anika Mane,57,Female,Lucknow,2025-05-12,0824043350,yasti89@example.net
CUST000509,Arjun Virk,57,Male,Ahmedabad,2025-11-10,1647090063,kavyakhare@example.org
CUST000841,Krishna Nazareth,25,Male,Nagpur,2025-12-16,+910762484337,bsant@example.org
CUST000637,Nandini Aurora,47,Female,Pune,2024-05-01,00349107406,aadi04@example.org
CUST000628,Arya Raja,64,Female,Pune,2024-11-01,6343629489,bvenkataraman@example.org
CUST000453,Samuel Rout,61,Male,Chennai,2024-07-03,,neelima26@example.org
CUST000284,Zaitra Walla,32,Female,Surat,2025-02-16,05783174564,chavvianne@example.org
CUST000461,Daniel Rege,59,Male,Indore,2023-10-16,+911594082154,chavvi47@example.org
CUST000496,Irya Nath,46,Female,Chandigarh,2023-12-09,+915444392840,baghyawati56@example.com
CUST000316,Praneel Buch,39,Male,Surat,2024-10-30,7289752677,nihalhans@example.org
CUST000037,Anvi Palan,53,Female,Bengaluru,2026-03-10,,tripti26@example.org
CUST000454,Andrew Dora,58,Male,Kochi,2026-03-17,0846684550,
CUST000611,Umang Dyal,22,Male,Mumbai,2023-11-11,+914029901557,duttaachal@example.org
CUST000090,Umang Varghese,20,Male,Pune,2025-07-26,+916137506068,warinder61@example.com
CUST000176,Aashi Gade,35,Female,Surat,2024-01-04,,pushti48@example.org
CUST000566,Anvi Halder,57,Female,Bengaluru,2024-02-19,+917118954738,calebdatta@example.org
CUST000582,Ekalinga Choudhary,39,Male,Indore,2024-02-26,+915524728633,dakshdevi@example.org
CUST000816,Caleb Atwal,51,Other,Bengaluru,2023-11-28,+915425730662,yashasvi13@example.org
CUST000038,Wyatt Shroff,31,Male,Lucknow,2025-11-23,09453147379,bnayar@example.com
CUST000510,Adweta Sama,59,Female,Jaipur,2025-02-23,+910531312206,narainekantika@example.net
CUST000124,Imaran Deol,57,Male,Hyderabad,2026-03-10,02795687833,vorasanya@example.net
CUST000472,Logan Mammen,22,Other,Pune,2023-11-05,03985547435,shivansh79@example.com
CUST000633,Oviya Sethi,21,Female,Lucknow,2026-04-21,05847457054,zarna97@example.org
CUST000713,Caleb Grewal,57,Male,Kolkata,2025-05-21,09020357134,kevinmukherjee@example.org
CUST000395,Abha Devan,21,Female,Lucknow,2024-05-14,4576521328,raghavvora@example.net
CUST000848,Neha Lal,39,Female,Indore,2023-09-09,+912400615727,mdugar@example.com
CUST000981,Waida Wadhwa,62,Female,Nagpur,2023-08-05,+916033591015,mbadami@example.org
CUST000040,Wazir Swaminathan,46,Male,Chandigarh,2025-08-13,00143634957,pavani85@example.com
CUST000463,Varsha Nazareth,42,Female,Kochi,2025-12-27,07922877725,routlila@example.org
CUST000009,Neel Suresh,32,Male,Pune,2023-12-21,+911543039117,waliajeremiah@example.org
CUST000585,Bhanumati Balay,29,Female,Indore,2024-08-09,2820667849,
CUST000332,Darika Murty,47,Other,Lucknow,2025-03-05,0461735743,parth15@example.org
CUST000195,Gavin Nadkarni,18,Male,Bengaluru,2025-03-21,3917251355,gaurangnayak@example.com
CUST000323,Abeer Shanker,48,Male,Mumbai,2023-11-18,07809733977,fsathe@example.net
CUST000267,Harrison Vasa,46,Male,Mumbai,2024-02-01,03098839205,aadidugar@example.org
CUST000357,Raghav Goyal,61,Male,Indore,2023-10-20,+912447174654,ethanmalhotra@example.org
CUST000329,Jagvi Apte,23,Female,Jaipur,2023-12-08,3441448850,nathharita@example.com
CUST000631,Nakul Boase,53,Male,Pune,2023-11-12,+912572076502,faraj20@example.net
CUST000929,Caleb Bhatnagar,55,Male,Chandigarh,2025-09-28,+912528837505,gsankaran@example.net
CUST000160,Nakul Seshadri,60,Male,Bengaluru,2026-03-06,0507236887,aswamy@example.net
CUST000565,Noah Patel,53,Male,Hyderabad,2025-01-16,5989534396,cheriankalpit@example.net
CUST000639,Sanya Sami,33,Female,Bengaluru,2025-09-13,01449429659,ryankrishna@example.org
CUST000145,Krishna Borah,52,Female,Surat,2025-11-15,+914262655110,sai54@example.org
CUST000584,Balvan Arora,36,Male,Kochi,2025-05-31,6227284765,sarya@example.org
CUST000419,Kashish Das,65,Female,Jaipur,2025-02-13,05963632123,ria64@example.net
CUST000809,Girindra Chakraborty,55,Male,Mumbai,2024-04-07,09982508004,wguha@example.net
CUST000020,Lakshit Basu,65,Male,Hyderabad,2024-12-30,+915242786801,dixitbalendra@example.com
CUST000099,Alexander Dhar,40,Male,Nagpur,2026-02-07,7021355690,shivaniprabhakar@example.com
CUST000748,Ranbir Sundaram,46,Male,Ahmedabad,2024-08-18,2872760153,samuel32@example.com
CUST000626,Udyati Gala,32,Female,Kolkata,2025-12-25,4912711307,amarabalakrishnan@example.com
CUST000972,Tanmayi Naidu,23,Female,Jaipur,2025-03-14,+910601198756,shenoyxiti@example.com
CUST000307,Dayita Sachdev,59,Female,Bangalore,2025-11-06,05535590425,cdhingra@example.org
CUST000259,Vrishti Subramaniam,64,Female,Jaipur,2023-08-11,+913692929842,sudiksha99@example.org
CUST000898,Guneet Bose,25,Male,Surat,2025-05-20,+911428178522,yatananand@example.com
CUST000967,Shaurya De,35,Male,Poona,2024-10-16,08631441706,madhavi25@example.com
CUST000545,Patrick Yohannan,64,Male,Chandigarh,2024-10-19,3103032432,jagratimall@example.org
CUST000107,Warhi Shetty,42,Female,Lucknow,2024-03-03,+915925556258,nagarwyatt@example.com
CUST000645,Baghyawati Dara,30,Female,Delhi,2024-09-16,06723849791,odhingra@example.org
CUST000366,Harini Nayak,42,Female,Bengaluru,2024-03-31,,deolharish@example.net
CUST000847,Xavier Murthy,64,Male,Kochi,2025-01-11,8339914038,yuvraj66@example.net
CUST000243,Reyansh Kunda,48,Male,Surat,2026-03-25,4085887704,ekanivarkey@example.org
CUST000899,Laban Varghese,28,Male,Jaipur,2023-10-22,+918806220722,jhalakmallick@example.com
CUST000861,Caleb Keer,43,Male,Lucknow,2023-10-13,09844097123,raokrishna@example.org
CUST000766,Irya Pant,44,Female,Chandigarh,2026-04-13,9232342108,
CUST000062,Fitan Kurian,55,Male,Hyderabad,2023-11-07,04517123685,ranaakshay@example.com
CUST000695,Wyatt Mane,23,Male,Ahmedabad,2025-08-27,8836076581,kkapur@example.org
CUST000556,Girik Ratti,57,Male,Indore,2025-01-02,00167318826,suraabhimanyu@example.org
CUST000970,Onkar Barad,51,Male,Delhi,2025-09-10,00433335384,jason63@example.org
CUST000319,Anmol Ram,60,Male,Bengaluru,2024-02-21,0347644726,chatura82@example.com
CUST000572,Vaishnavi Kannan,48,Female,Nagpur,2026-03-11,04396273652,fchander@example.org
CUST000829,Ekani Master,26,Other,Nagpur,2025-04-19,1597099625,rehaan84@example.net
CUST000663,Michael Kade,26,Male,New Delhi,2025-11-01,+915203771070,arunima96@example.com
CUST000691,Aryan Venkataraman,39,Male,Surat,2023-12-13,+915832863425,odika38@example.net
CUST000140,Jai Handa,63,Male,Calcutta,2024-05-18,8454615679,upkaarmital@example.net
CUST000344,Saksham Datta,27,Male,Lucknow,2024-09-18,00580085140,rachanaramesh@example.net
CUST000399,Hiral Panchal,250,Female,Bengaluru,2025-07-25,+911249552893,chaudharyakshay@example.net
CUST000432,Avni Karpe,23,Female,Hyderabad,2025-09-08,+910742761707,vedhika77@example.org
CUST000293,Prisha Sarna,65,Female,Jaipur,2025-03-06,3065240778,vrishti39@example.org
CUST000731,Pahal Mittal,39,Female,Delhi,2025-10-06,06024161394,yoshita83@example.net
CUST000956,Edhitha Bhagat,60,Female,Nagpur,2025-01-04,+918187692082,jonathankhosla@example.org
CUST000376,Tanvi Kamdar,43,Female,Lucknow,2023-12-19,+915431074279,shaubika@example.org
CUST000142,Vyanjana Madan,31,Female,Kolkata,2023-11-15,+911489025039,mitalibose@example.com
CUST000855,Rushil Kala,42,Male,Jaipur,2025-07-25,+918094485862,aahananatt@example.org
CUST000003,Orinder Lalla,24,Male,Hyderabad,2025-05-30,+917816184959,ekarajbath@example.net
CUST000389,Udant Chahal,37,Male,Lucknow,2023-12-09,+917674266299,
CUST000340,Nicholas Bobal,26,Male,Kochi,2025-08-12,08769639382,erajagopalan@example.com
CUST000744,Hamsini Peri,51,Female,Nagpur,2024-11-21,05237341517,wkonda@example.com
CUST000266,Chanchal Bhatt,65,Female,Pune,2024-10-18,03519066984,gillwarda@example.com
CUST000377,Hiral Prabhakar,32,Female,Kochi,2025-06-05,7016580464,farisnayak@example.net
CUST000813,Rudra Barman,24,Male,Kochi,2024-02-05,7231112712,oliver46@example.com
CUST000440,Samuel Chandra,37,Male,Pune,2024-11-08,,qabilramaswamy@example.org
CUST000272,Krish Goswami,57,Male,Ahmedabad,2025-09-01,3733343333,nachiket11@example.org
CUST000245,Anirudh Chahal,65,Male,Ahmedabad,2026-05-16,+910248193466,bravel@example.com
CUST000665,Amol Pall,47,Male,Hyderabad,2026-05-11,+919549305966,chopralipika@example.net
CUST000615,Kashvi Bhatt,42,Other,kolkata,2026-01-14,02084964985,hbalan@example.org
CUST000698,Wishi Tata,65,Female,Chandigarh,2024-05-21,03577881161,wdatta@example.org
CUST000882,Ronith Mand,27,Male,Indore,2024-02-19,05489547876,upasnanazareth@example.org
CUST000416,Nathaniel Bhatt,62,Male,Bengaluru,2024-07-15,3644249363,doctorrehaan@example.org
CUST000274,Avi Vora,34,Male,Pune,2026-02-06,07808562718,smutti@example.org
CUST000864,Quincy Zachariah,65,Male,Pune,2025-03-24,+915562965754,wardareddy@example.com
CUST000251,Manya Parsa,47,Female,Lucknow,2025-08-21,+915777547812,mandlogan@example.net
CUST000414,Yashawini Mital,20,Female,Surat,2026-06-23,08536649878,
CUST000546,Baljiwan Kumer,51,Male,Jaipur,2024-06-24,06267146283,luthrareyansh@example.net
CUST000170,Ekantika Raja,59,Female,Mumbai,2026-05-12,+912189092753,nishasavant@example.org
CUST000311,Diya Sundaram,21,Other,Chennai,2025-07-14,8123878003,gauri76@example.net
CUST000858,Ojas Jhaveri,35,Male,Kolkata,2025-04-26,06576927789,yuvraj19@example.org
CUST000655,Isaac Mann,42,Male,Chennai,2024-10-24,06512418938,mohini90@example.net
CUST000426,Kalpit Dixit,63,Male,Chennai,2024-02-06,+915291086771,samarhalder@example.com
CUST000493,Jacob Randhawa,22,Male,Nagpur,2024-01-03,+914669254812,
CUST000785,Diya Sha,21,Female,Bengaluru,2025-10-30,+911540641769,vidhimanne@example.org
CUST000889,Jai Kashyap,34,Male,Delhi,2025-03-14,+919994853208,thomas26@example.org
CUST000397,Indrajit Dave,20,Male,Chandigarh,2024-06-28,2342321611,suleraagini@example.org
CUST000822,Krisha Kalla,59,Female,Hyderabad,2025-01-28,3939578654,mayadhaliwal@example.com
CUST000516,Jeet Kapadia,53,Male,Chennai,2026-05-30,,dhaliwalsamarth@example.org
CUST000733,Dhruv Maharaj,65,Male,Hyderabad,2026-05-21,07951330531,triveni96@example.net
CUST000527,Kamya Sridhar,45,Female,Surat,2024-02-16,01004090138,prashadzinal@example.com
CUST000659,Tanveer Sane,28,Male,Indore,2025-07-01,123,khannavincent@example.org
CUST000762,Hardik Lad,29,Male,Pune,2024-04-23,,valakashvi@example.org
CUST000183,Nisha Ramaswamy,62,Female,Jaipur,2024-11-14,5574313291,hiteshgala@example.com
CUST000171,Chandresh Dey,49,Male,Surat,2025-11-17,+919656523413,avi43@example.net
CUST000658,Upasna Sridhar,47,Female,Jaipur,2026-04-10,03000389608,yben@example.com
CUST000688,Prisha Rao,65,Female,Chennai,2025-09-04,2779630448,nilimabhat@example.net
CUST000188,Girik Maharaj,40,Male,Kochi,2025-05-18,07209993476,fbhat@example.com
CUST000152,Andrew Parsa,29,Male,Surat,2026-02-10,8911352909,ynarula@example.com
CUST000594,Rachit Chacko,62,Male,Lucknow,2025-04-07,6874090380,henrymannan@example.com
CUST000749,Indira Parikh,63,Female,Kolkata,2023-07-20,,
CUST000273,Aarini Basak,32,Female,Jaipur,2024-04-29,05957947284,wkapadia@example.net
CUST000490,Zansi Saraf,26,Female,Mumbai,2024-08-25,1122338655,
CUST000818,Frado Nagy,44,Male,Hyderabad,2024-05-16,00213060906,kapurbalendra@example.net
CUST000402,Reyansh Mander,36,Male,Lucknow,2025-09-09,09473864631,lpillai@example.org
CUST000372,Bina Sinha,43,Female,Pune,2024-03-02,7062397265,tanvihari@example.net
CUST000223,Karan Virk,61,Male,Chandigarh,2023-08-22,+915642087375,
CUST000594,Rachit Chacko,62,Male,Lucknow,2025-04-07,6874090380,henrymannan@example.com
CUST000854,Amaira Sachdeva,18,Female,Delhi,2023-10-09,1039033970,faris95@example.net
CUST000657,Prisha Bobal,34,Female,Chandigarh,2025-06-01,09918724010,otripathi@example.net
CUST000920,Neel Sengupta,54,Male,Kochi,2025-06-30,+915659202461,jnatt@example.org
CUST000519,Rayaan Sane,33,Male,Kolkata,2025-11-13,+914982824674,ymander@example.net
CUST000335,Henry Nagi,39,Male,Hyderabad,2025-11-04,+913448571422,ishwar09@example.net
CUST000823,Upkaar Mital,62,Male,Lucknow,2025-02-13,6033582686,saanvibajwa@example.net
CUST000250,Xavier Seshadri,39,Male,Jaipur,2025-06-16,09492995562,munshiyatin@example.org
CUST000086,Eesha Vyas,250,Female,Bengaluru,2025-12-31,+916850542357,upkaardevan@example.org
CUST000832,Oscar Lal,34,Male,Mumbai,2023-08-08,3744171581,davehredhaan@example.org
CUST000016,Ayush Trivedi,32,Male,Indore,2023-11-02,+912191361939,bumboni@example.net
CUST000801,Dipta Narula,47,Female,Bengaluru,2025-12-30,+911696667252,mukhopadhyayisha@example.org
CUST000996,Neel Batta,65,Male,Nagpur,2025-10-21,,
CUST000538,Balendra Wable,28,Male,Ahmedabad,2025-04-23,4438612590,tanvi29@example.org
CUST000489,Indira Bains,41,Female,Kochi,2024-07-01,+914102615347,kalapradhan@example.net
CUST000571,Tara Menon,44,Female,Nagpur,2024-05-29,00053424089,rajaaarini@example.net
CUST000974,Yadavi Lalla,25,Female,Lucknow,2024-05-07,4916093659,
CUST000089,Zayan Wable,45,Male,Chennai,2024-05-09,02392407581,manefiyaz@example.org
CUST000466,Panini Sarkar,23,Female,Kochi,2025-11-26,+916085641118,missing_at_sign.com
CUST000924,Jyoti Kumar,57,Female,Delhi,2025-05-20,04083037360,ebatta@example.com
CUST000200,Harish Chatterjee,21,Male,Chennai,2024-07-22,+913241714677,gavin86@example.org
CUST000374,Frederick Karpe,23,Male,Kochi,2025-07-21,+916873977406,yugnarang@example.com
CUST000485,Qarin Anand,46,Male,Surat,2023-12-09,9203880653,sakshambiswas@example.com
CUST000081,Faraj Borra,31,Male,Hyderabad,2025-06-12,+917799799552,ebir@example.com
CUST000339,Nicholas Setty,45,Male,Mumbai,2024-01-17,00171577245,yashodachauhan@example.com
CUST000747,Nidra Divan,43,Female,Bengaluru,2025-12-12,0458867925,yachanamurthy@example.net
CUST000592,Eshana More,21,Female,Kochi,2024-11-05,,ira11@example.org
CUST000860,Bishakha Mammen,29,Female,Nagpur,2023-10-26,00401424731,soniowen@example.org
CUST000012,Hredhaan Zacharia,62,Male,Chandigarh,2025-01-07,+919973763116,pallavi67@example.net
CUST000497,Warinder Vala,26,Male,Lucknow,2025-06-15,+916333738987,yoak@example.org
CUST000569,Aayush Varghese,39,Male,mumbai,2025-11-03,08844344812,
CUST000791,Chanchal Nath,43,Female,Indore,2024-01-17,09835411659,wgrewal@example.com
CUST000738,Jeevika Raval,40,Female,Kochi,2024-04-26,07472264085,
CUST000044,Daniel Saha,32,Male,Chandigarh,2023-11-08,,darpan91@example.org
CUST000935,Manthan Mishra,26,Male,Kochi,2025-03-05,+916046154021,agrawalhredhaan@example.com
CUST000275,Jagrati Raghavan,36,Female,Nagpur,2026-02-17,1559428434,xoza@example.org
CUST000524,Samesh Chakraborty,47,Male,Kolkata,2026-05-11,+919524364027,chatterjeeekaraj@example.net
CUST000102,Farhan Ghosh,40,Male,Mumbai,2025-02-01,08313237058,unni82@example.net
CUST000704,Karan Chaudry,42,Male,Ahmedabad,2025-05-05,+918965999497,omagate@example.org
CUST000862,Yuvraj Sankaran,37,Male,Jaipur,2025-02-08,06209014473,arjun43@example.org
CUST000172,Rohan Merchant,63,Male,Chennai,2026-02-06,0376137918,pateledhitha@example.org
CUST000108,Lila Sengupta,20,Female,Hyderabad,2024-12-13,+912104696325,ranveer27@example.net
CUST000812,Leela Sami,32,Female,Jaipur,2023-12-03,9434606664,vinayakulkarni@example.net
CUST000498,Ijaya Sanghvi,26,Female,Indore,2024-07-17,6377805292,aditya75@example.com
CUST000131,Jagat Mittal,60,Male,Indore,2026-02-16,+918364408926,wbatta@example.net
CUST000039,Hemani Sura,63,Female,Indore,2024-08-25,+915454948083,khurananiharika@example.com
CUST000894,Jairaj Bhattacharyya,61,Male,Kolkata,2025-08-11,00695560767,bchakraborty@example.com
CUST000729,Udant Nair,24,Male,Chennai,2024-01-01,00915086321,datemaanav@example.net
CUST000961,Balvan Dora,58,Male,HYDERABAD,2024-06-24,+914890567086,cbal@example.net
CUST000061,Chanakya Baral,27,Male,Kochi,2026-04-02,07095214562,kevinzacharia@example.com
CUST000217,Nirja Bhardwaj,28,Female,Mumbai,2023-11-10,+917432927129,zsanghvi@example.com
CUST000641,Vinaya Pandya,21,Female,Mumbai,2024-08-04,07667080612,xavier98@example.com
CUST000725,Warda Banerjee,33,Female,Chandigarh,2025-03-22,06226817151,karora@example.com
CUST000806,Vanya Dada,21,Female,Chandigarh,2024-06-13,8153523736,parmardaniel@example.com
CUST000073,Faras Subramaniam,22,Male,Ahmedabad,2024-01-31,+911585149368,lokeayush@example.org
CUST000891,Aadhya Khare,24,Female,Lucknow,2024-12-03,4699673311,csawhney@example.org
CUST000450,Onkar Pant,22,Male,Delhi,2025-07-11,+918428910771,chaudrybenjamin@example.net
CUST000154,Wyatt Cheema,35,Male,Chennai,2025-08-25,06112545738,epall@example.org
CUST000743,Urvashi Srivastava,61,Female,Chandigarh,2024-02-19,0460568761,dhingraadweta@example.net
CUST000482,Tripti Kaul,34,Female,Nagpur,2024-03-08,9076769915,settyzansi@example.com
CUST000365,Azad Cherian,49,Male,Mumbai,2023-07-26,+917993136565,
CUST000507,Dakshesh Deshpande,23,Male,Surat,2023-09-07,07771183727,neel20@example.net
CUST000414,Yashawini Mital,20,Female,Surat,2026-06-23,08536649878,anirudhvarty@example.org
CUST000912,Bhavini Murthy,150,Female,Delhi,2025-02-05,+916662670551,warinder77@example.com
CUST000467,Chaitanya Dube,52,Male,Surat,2024-07-14,06209520046,nagarajanlucky@example.com
CUST000875,Ekaja Bajwa,65,Female,Chennai,2026-02-03,07560858167,mallickrajata@example.net
CUST000783,Tripti Dey,36,Female,Chennai,2025-03-01,+917236266933,ekavir34@example.org
CUST000894,Jairaj Bhattacharyya,61,Male,Kolkata,2025-08-11,00695560767,bchakraborty@example.com
CUST000312,Aditya Palan,47,Male,Hyderabad,2024-03-17,5543840460,umang25@example.com
CUST000982,Bhavini Mann,25,Female,Lucknow,2025-11-16,09207492699,xprashad@example.net
CUST000406,Chasmum Bose,53,Female,Mumbai,2025-04-05,8773477848,andrew06@example.org
CUST000895,Jyoti Luthra,55,Female,Chandigarh,2023-12-30,04722398983,rajjanya@example.org
CUST000962,Aarav Lal,25,Male,Mumbai,2026-03-06,+916551584826,pdas@example.com
CUST000827,Meera Krish,49,Female,Mumbai,2024-11-15,+912710267672,patilridhi@example.net
CUST000098,Niharika Sehgal,32,Female,Surat,2026-02-28,6275705964,
CUST000310,Harish Madan,24,Male,Hyderabad,2025-07-22,+917016451046,lajitatrivedi@example.net
CUST000227,Hemangini Raghavan,40,Female,Mumbai,2026-02-27,09027716701,dipta08@example.net
CUST000187,Eesha Chanda,40,Female,Jaipur,2026-07-02,01070296670,lsandhu@example.com
CUST000978,Jackson Dave,56,Other,Chandigarh,2024-05-08,00030835669,balalibni@example.org
CUST000676,Panini Murthy,59,Female,Surat,2023-12-23,+911668297327,ganesanjai@example.com
CUST000512,Bachittar Mallick,62,Male,Jaipur,2023-12-07,9501364971,zayanchandran@example.net
CUST000980,Simon Dhar,35,Male,Kolkata,2025-05-08,3844013480,vhari@example.com
CUST000942,Aryan Krishnan,62,Male,Hyderabad,2024-12-03,+916720078436,manilohit@example.com
CUST000149,Ojas Rai,57,Male,Jaipur,2024-03-28,07569245937,peter65@example.com
CUST000753,Indali Shan,58,Female,Jaipur,2026-06-25,+914694725878,
CUST000846,Bhavna Sengupta,28,Female,Kochi,2024-12-22,03425073305,vasudha82@example.com
CUST000986,Ekapad Badal,20,Male,Jaipur,2026-03-05,00561299650,nidraparmer@example.net
CUST000693,Ranbir Rattan,49,Male,Pune,2026-01-18,,girishraman@example.org
CUST000969,Yashvi Wali,55,Female,Indore,2025-11-04,0315388824,krish79@example.net
CUST000992,Ekaraj Rau,62,Male,Surat,2026-04-12,02925081776,dyalekalinga@example.com
CUST000576,Faras Kohli,20,Male,Surat,2024-07-05,+918481001841,adhar@example.org
CUST000558,Aarnav Parmer,63,Male,Pune,2025-02-21,3134026650,rushilsrinivas@example.net
CUST000634,Yochana Bail,51,Female,Chandigarh,2025-08-29,+916325703965,gauravhari@example.com
CUST000702,Harish Chandra,44,Male,Jaipur,2026-05-25,7510979215,hemaniatwal@example.org
CUST000826,Wazir Nigam,33,Male,Chandigarh,2023-10-30,2441822261,jdutt@example.net
CUST000401,Jalsa Varkey,22,Female,Delhi,2025-05-26,+916151718275,banjeet15@example.com
CUST000993,Sneha Viswanathan,26,Female,Surat,2024-10-19,8413337312,ishita23@example.com
CUST000455,Timothy Pai,63,Male,Bengaluru,2023-11-17,6341085628,
CUST000268,Ryan Pandit,20,Male,Pune,2023-09-08,6693801184,idika43@example.net
CUST000817,Oviya Sarna,46,Female,Ahmedabad,2024-06-11,+917139848228,dakshesh11@example.com
CUST000168,Radha Krishna,54,Female,Pune,2024-03-14,,vanshabrahmbhatt@example.org
CUST000646,Ekta Khosla,33,Female,Mumbai,2026-03-17,+918837744197,anvi66@example.net
CUST000287,Ekansh Mann,37,Male,Chandigarh,2023-09-29,+917974973502,warrioranthony@example.org
CUST000027,Hamsini Chad,59,Female,Chandigarh,2025-01-07,08951343320,kondavaishnavi@example.net
CUST000873,Yauvani Swaminathan,23,Female,Bengaluru,2025-02-03,+917420495612,issacvasatika@example.com
CUST000629,Kritika Choudhry,33,Female,Ahmedabad,2025-04-27,+911009431814,nidhiramanathan@example.com
CUST000599,Warda Soman,33,Female,Surat,2024-09-30,2659608931,ekiyanadig@example.org
CUST000588,Bachittar Kakar,38,Male,BENGALURU,2026-03-14,0438303419,sulechakradev@example.org
CUST000947,Suhani Parikh,28,Female,Indore,2024-10-14,+916793350557,gauritailor@example.org
CUST000153,Abdul Chaudhari,31,Male,Kolkata,2025-05-11,03888993756,jtella@example.com
CUST000677,Upma Chaudhuri,23,Other,Chandigarh,2023-09-13,+910602128866,joshua68@example.org
CUST000017,Leena Jayaraman,43,Female,Indore,2025-04-17,5346247510,echaudhry@example.net
CUST000034,Sachi Narang,33,Female,Nagpur,2025-03-31,+917556464170,pallaudarsh@example.net
CUST000041,Lopa Mohan,33,Female,jaipur,2024-03-14,03135182337,barkha13@example.com
CUST000957,Jai Yohannan,21,Male,Hyderabad,2024-01-23,1588144582,chaitanyasane@example.com
CUST000042,Pranit Gola,55,Male,Chennai,2023-08-23,,arorabhavani@example.com
CUST000754,Laksh Thakur,55,Male,Kolkata,2025-09-21,07127058772,dominicsankaran@example.net
CUST000146,Chameli Grover,49,Female,Lucknow,2024-10-04,07888610158,nairlekha@example.org
CUST000087,Neelima Chaudhuri,25,Female,Lucknow,2023-07-30,8805929622,noahsarma@example.org
CUST000988,Ikshita Wadhwa,20,Female,Kochi,2025-10-10,09514346823,yashodhara40@example.org
CUST000610,Gautam Chander,45,Male,Mumbai,2023-10-11,+917536170617,kadeoni@example.com
CUST000109,Yahvi Morar,52,Female,Delhi,2026-06-09,00168733950,mandawarda@example.net
CUST000944,Imaran Sarma,64,Male,Kolkata,2025-12-24,+910376388214,aachal14@example.net
CUST000442,Siya Dada,25,Female,Jaipur,2023-11-16,+912776974995,fmittal@example.org
CUST000884,Gopal Nayak,31,Male,Lucknow,2025-07-13,6449639243,ekani37@example.net
CUST000004,Maanav Buch,40,Male,Mumbai,2025-07-15,+911647525534,gargyash@example.org
CUST000494,Ishwar Barman,51,Male,Kochi,2026-03-17,08956776657,anjali60@example.org
CUST000235,Mahika Rao,21,Female,Chandigarh,2026-01-01,04722698485,saikadakia@example.net
CUST000278,Sneha Chaudhary,47,Female,Kochi,2024-12-04,2034717545,aarini50@example.com
CUST000201,Rayaan Pingle,25,Male,Surat,2026-03-15,+917047743490,gunbirchada@example.net
CUST000359,Janani Cherian,31,Female,Kolkata,2025-01-20,04101194707,aadibarad@example.net
CUST000281,Pratyush Verma,19,Male,Kochi,2025-03-06,0000000000000,gchauhan@example.org
CUST000237,Chatresh Bakshi,25,Male,Kochi,2026-03-29,02003424420,
CUST000552,Barkha Chad,63,Female,Surat,2023-11-15,4870682778,raviakshay@example.net
CUST000521,Wishi Morar,30,Female,Kochi,2025-04-11,9160169236,ijaya87@example.net
CUST000526,Ayushman Goswami,36,Male,Jaipur,2026-02-28,+914679121416,malhotradevansh@example.com
CUST000209,Ria Suresh,31,Female,Ahmedabad,2024-01-30,7279855241,ayaan60@example.org
CUST000115,Harsh Roy,61,Male,Kolkata,2025-08-25,9702838578,lmurthy@example.com
CUST000721,Irya Gera,61,Female,Hyderabad,2024-07-13,04123361328,abdul72@example.com
CUST000088,Qabil Khanna,52,Male,Nagpur,2024-05-11,09473834735,xshenoy@example.com
CUST000128,Raghav Buch,24,Male,Kochi,2023-07-22,8251286823,bajajchanchal@example.com
CUST000727,Qabil Choudhury,55,Male,Ahmedabad,2026-03-18,+916861205943,dsaran@example.com
CUST000059,Bina Sathe,18,Female,BENGALURU,2025-08-25,09464743671,lakshmiparmer@example.net
CUST000632,Vritti Agarwal,58,Female,Nagpur,2024-07-03,03710094388,mananchandra@example.org
CUST000158,Patrick Shankar,19,Male,Chandigarh,2023-10-01,2499125134,goswamikashvi@example.net
CUST000714,Luke Gokhale,46,Male,Surat,2025-05-15,02956334324,ria41@example.com
CUST000593,Leela Solanki,28,Female,Jaipur,2025-03-30,07219705466,ridhiperi@example.net
CUST000280,Fiyaz Nazareth,54,Male,Kolkata,2025-07-15,09961125355,amara96@example.com
CUST000364,Balendra Bansal,34,Male,Hyderabad,2024-04-17,2707903202,mohantygunbir@example.com
CUST000506,Varenya Gala,54,Female,Kochi,2025-06-01,,mekhalabarad@example.org
CUST000797,Chasmum Tripathi,54,Female,Chennai,2024-04-03,,chatresh79@example.com
CUST000053,Bakhshi Majumdar,26,Male,Lucknow,2026-01-14,05840449972,eyohannan@example.com
CUST000226,Sai Ratta,58,Male,Ahmedabad,2025-12-19,04676212021,zsubramanian@example.net
CUST000734,Saumya Soni,46,Female,Ahmedabad,2024-10-05,0555572773,madhavikumer@example.com
CUST000256,Yauvani Ravi,49,Female,Chandigarh,2024-05-17,05779082723,varkeyavni@example.org
CUST000998,Leena Venkataraman,37,Female,Bengaluru,2023-11-22,02985797363,ishwarvarma@example.org
CUST000532,Kavya Kohli,24,Female,Mumbai,2024-03-30,+912116025643,vamakshi12@example.net
CUST000968,Anvi Grover,23,Female,Bengaluru,2024-01-25,03558243017,amorar@example.com
CUST000119,Noah Sodhi,50,Male,Chandigarh,2024-09-20,+912082677345,daniel19@example.org
CUST000471,Ayushman Subramaniam,57,Male,Kochi,2025-07-02,09465398402,mitalgaurav@example.com
CUST000707,Wishi Krishna,28,Female,Chandigarh,2025-08-28,1865205756,rayaanraja@example.com
CUST000907,Zehaan Bhavsar,33,Male,Nagpur,2026-06-21,+916574223196,meera30@example.org
CUST000746,Madhav Mohanty,43,Male,Jaipur,2024-10-27,2947742229,leena43@example.org
CUST000523,Abha Dada,19,Female,Pune,2026-04-24,+916691836264,xiti86@example.net
CUST000709,Wriddhish Rao,35,Male,Bengaluru,2025-12-17,+914409079772,cchawla@example.com
CUST000514,David More,38,Male,Chennai,2024-04-30,+916391025743,keyajayaraman@example.net
CUST000082,Mahika Bhalla,50,Female,Surat,2025-01-01,08147700541,tripathileena@example.com
CUST000700,Teerth Menon,41,Male,Pune,2026-01-06,4859592248,kamyavenkataraman@example.net
CUST000857,Irya Misra,32,Female,Kochi,2025-11-15,3945703943,mukherjeeadvik@example.org
CUST000548,Radhika Nath,54,Female,Hyderabad,2023-09-13,02340163611,daminisuri@example.org
CUST000381,Gayathri Majumdar,33,Female,Chandigarh,2024-05-08,+912723804682,
CUST000624,Harshil Brahmbhatt,46,Male,Mumbai,2023-09-17,+917030376371,sathvik98@example.net
CUST000147,Samuel Rama,19,Male,Kolkata,2026-03-31,+918398262244,waida21@example.org
CUST000085,Lucky Krishnan,58,Male,Indore,2024-04-03,9251925462,mukherjeekrisha@example.net
CUST000151,Bhavya Rege,59,Female,Delhi,2023-12-29,7243426617,irattan@example.net
CUST000673,Sai Brar,23,Female,Pune,2025-09-30,+913989868180,hvohra@example.com
CUST000775,Rajeshri Char,37,Female,Indore,2024-11-28,07932382231,ravalbarkha@example.net
CUST000330,Gagan Hari,26,Male,bengaluru,2023-11-22,05770272785,vsachdev@example.org
CUST000007,Arunima Choudhary,54,Female,Surat,2025-07-20,+912691669784,contractoramara@example.net
CUST000735,Balveer Sur,27,Male,Jaipur,2026-04-30,5138544577,dugalojas@example.net
CUST000881,Samar Dugar,30,Male,Hyderabad,2023-12-10,+919847169061,
CUST000896,Chandani Dutt,19,Female,Nagpur,2023-12-11,+919804184724,rajatamallick@example.org
CUST000165,Wishi Dhar,43,Female,Nagpur,2025-08-17,4667116845,usura@example.net
CUST000500,Sanya Guha,28,Female,Pune,2024-06-12,01597412182,sureshavi@example.org
CUST000452,Aarini Korpal,20,Female,Chennai,2024-04-09,05482145653,oviyakari@example.org
CUST000491,Manan Dixit,41,Male,Jaipur,2023-09-02,03042897317,ganeshyashoda@example.com
CUST000120,Gagan Sahni,60,Male,Nagpur,2024-06-22,+910672400499,nayakbhavani@example.com
CUST000288,Megha Luthra,64,Female,Delhi,2025-07-27,+917031207356,wishi57@example.net
CUST000078,Yamini Pandya,60,Female,Lucknow,2025-03-15,+916060715969,ssahni@example.org
CUST000088,Qabil Khanna,52,Male,Nagpur,2024-05-11,09473834735,xshenoy@example.com
CUST000096,Vritti Kulkarni,35,Female,Surat,2024-11-30,+913450541566,vraju@example.org
CUST000914,Falguni Zachariah,24,Female,Hyderabad,2024-06-01,07120072024,ishanvi91@example.org
CUST000906,Advik Sen,44,Male,Kolkata,2024-04-17,05975954508,sarmavinaya@example.com
CUST000836,Eshana Gulati,35,Female,Ahmedabad,2024-05-18,1132532694,otoor@example.com
CUST000949,Ikbal Prabhakar,22,Male,Pune,2024-02-10,+910409614973,
CUST000609,Ranbir Lad,65,Male,Pune,2023-07-17,,chhabralucky@example.com
CUST000945,Saksham Bahri,49,Male,Bengaluru,2025-11-04,+919134438998,watikawadhwa@example.org
CUST000579,Krishna Tata,39,Male,Ahmedabad,2024-02-15,5410225267,hbhavsar@example.net
CUST000229,Yug Gandhi,36,Male,Kochi,2026-04-20,+917535408386,fkeer@example.com
CUST000239,Isaiah Pillai,53,Male,Lucknow,2023-08-08,8933472122,purohitbanjeet@example.com
CUST000761,Nihal Lad,53,Male,Chandigarh,2024-06-29,8402155732,upadhriti37@example.com
CUST000054,Ranbir Shah,33,Male,Pune,2026-02-12,03396360576,fdoshi@example.org
CUST000328,Xiti Gole,49,Female,Kolkata,2024-02-17,3430107139,csachdev@example.com
CUST000767,Nisha Karpe,28,Female,Jaipur,2026-04-06,3342643350,
CUST000443,Advika Halder,58,Female,Jaipur,2023-08-13,+910303723683,mitraubika@example.org
CUST000759,Laksh Chhabra,42,Male,Bengaluru,2026-05-22,+913257970673,keya01@example.org
CUST000917,Vritti Sethi,40,Female,Indore,2025-09-13,,tdixit@example.org
CUST000008,Daksh Memon,60,Male,mumbai,2023-10-12,02704828148,michaelprakash@example.org
CUST000349,Nimrat Bera,19,Female,Surat,2025-01-08,08077879565,bimala20@example.net
CUST000391,Xalak Basak,57,Female,Mumbai,2024-01-11,09478730024,urmi14@example.com
CUST000178,Abha Konda,19,Female,Kolkata,2025-05-29,,omajanagarajan@example.com
CUST000833,Gaurang Prakash,43,Male,Nagpur,2023-11-11,+912931100591,triveninarayanan@example.net
CUST000977,Manan De,30,Male,Mumbai,2025-12-18,8605053766,hbatra@example.net
CUST000835,Wazir Hora,58,Male,Kolkata,2023-12-26,7927490728,buchpatrick@example.org
CUST000087,Neelima Chaudhuri,25,Female,Lucknow,2023-07-30,8805929622,noahsarma@example.org
CUST000380,Vrinda Wali,64,Female,Chennai,2025-06-29,8479513711,sgola@example.org
CUST000162,Dakshesh Loyal,56,Male,Chennai,2024-06-18,5807836134,senguptaadya@example.com
CUST000458,Ranbir Venkatesh,43,Male,Pune,2026-05-31,3158935712,fsabharwal@example.org
CUST000778,Varsha Kala,31,Female,Mumbai,2024-11-07,09487148552,harita78@example.com
CUST000800,Aarini Bera,25,Female,Jaipur,2023-08-13,5911918623,praneelgolla@example.org
CUST000643,Noah Bhat,48,Male,Indore,2024-09-27,+919803828723,charvimukhopadhyay@example.net
CUST000055,Yashasvi Narula,53,Female,Mumbai,2026-01-03,+917187026217,hamsini96@example.net
CUST000264,Ishani Sachdev,52,Female,Chandigarh,2026-04-05,8725887449,mitali21@example.net
CUST000644,Xavier Iyer,37,Male,Nagpur,2025-05-22,+911029181331,gbakshi@example.com
CUST000927,Pratyush Chatterjee,25,Male,Ahmedabad,2024-04-26,04881121031,praneel17@example.com
CUST000678,Daniel Nayar,21,Male,Kolkata,2026-03-11,09991015767,wmann@example.com
CUST000222,Daksha Venkatesh,19,Female,Ahmedabad,2024-12-04,09926189141,tankrushil@example.net
CUST000114,Atharv Srinivasan,53,Male,Calcutta,2025-03-07,+918962309130,amurthy@example.org
CUST000113,Pahal Tripathi,60,Female,Lucknow,2025-04-04,8794705516,avi97@example.com
CUST000502,Dayamai Dayal,23,Female,Lucknow,2025-02-11,123,dayitajain@example.net
CUST000194,Yagnesh Nadig,36,Male,Mumbai,2024-08-11,+918953926442,aaravraman@example.net
CUST000175,Mohammed Sarkar,38,Male,Kochi,2025-01-10,3031617990,parth10@example.net
CUST000925,Abhiram Thaker,63,Male,Bengaluru,2025-06-07,4907938841,lopanarasimhan@example.org
CUST000590,Advik Raja,39,Male,Indore,2025-01-07,,naveenthaker@example.net
CUST000866,Chaitaly Saini,64,Female,Indore,2024-08-14,+918808190482,gaurikasuresh@example.org
CUST000018,Zehaan Lanka,31,Male,Hyderabad,2025-04-15,+915135427849,mistryhemang@example.org
CUST000019,Devika Chhabra,27,Female,Kolkata,2026-02-04,8244935348,dkrishnamurthy@example.org
CUST000424,Dayamai Dugar,56,Female,Bengaluru,2024-08-22,+918296577242,baghyawati31@example.com
CUST000144,Nihal Balan,37,Male,Delhi,2025-06-30,4773586629,xchada@example.net
CUST000286,Rudra Krish,58,Male,Pune,2024-04-16,+916634163894,amruta63@example.org
CUST000477,Gopal Bajaj,56,Male,Ahmedabad,2023-09-15,8948706056,hmahal@example.net
CUST000429,Osha Keer,23,Female,Bengaluru,2025-12-22,05990048964,iprabhakar@example.net
CUST000305,Indrajit Sankaran,42,Male,Hyderabad,2024-04-13,06225179086,frederick68@example.com
CUST000887,Ati Sane,38,Female,Delhi,2024-09-23,7917665122,pathakchatura@example.org
CUST000670,Bhavani Lad,29,Female,Chandigarh,2025-12-08,00580935118,gchowdhury@example.org
CUST000032,Sachi Sood,18,Female,Lucknow,2026-07-01,+915466889373,rajata70@example.com
CUST000318,Sachi Munshi,52,Female,Bengaluru,2024-04-02,,korpalzilmil@example.net
CUST000723,Ronith Walla,62,Male,Indore,2025-02-26,+915790392355,yachana09@example.net
CUST000435,Utkarsh Luthra,62,Male,Pune,2026-03-04,0509759230,ekantika01@example.net
CUST000215,Ucchal Narula,45,Female,Chandigarh,2024-08-19,04947170999,sodhirobert@example.net
CUST000966,Azad Ratta,34,Male,JAIPUR,2023-10-10,03212694289,nikita42@example.org
CUST000736,Tanveer Sagar,24,Male,Delhi,2026-03-25,,randhawatejas@example.org
CUST000937,Dev Gara,57,Male,Ahmedabad,2025-04-22,8360849378,danielsani@example.org
CUST000327,Wyatt Mani,48,Male,Delhi,2023-11-12,09548995299,uvenkatesh@example.net
CUST000561,Jeet Mand,43,Male,Chandigarh,2025-08-26,+914363718923,veerdara@example.org
CUST000360,Lila Doshi,45,Female,Mumbai,2025-06-16,5690877661,aarushrajagopalan@example.net
CUST000701,Vrishti Shere,23,Female,Mumbai,2024-04-07,+915228705622,
CUST000886,Balendra Krishnan,63,Male,Indore,2025-03-25,+916860134778,yasti96@example.org
CUST000476,Zashil Tak,41,Male,Hyderabad,2025-07-30,+918399921921,aashikari@example.net
CUST000342,Gaurang Morar,64,Male,Chennai,2025-11-23,01919657013,aadidin@example.net
CUST000630,Imaran Loyal,32,Male,Bengaluru,2026-06-12,03235494012,smody@example.org
CUST000148,Lakshit Sama,64,Male,Chandigarh,2025-10-16,07154379937,deshmukhdaksha@example.org
CUST000689,Kalpit Nadkarni,50,Male,Kochi,2023-12-18,06766404735,morarsara@example.com
CUST000361,Darsh Wason,51,Male,Chandigarh,2026-04-02,05460158517,samaksh28@example.org
CUST000084,Urvashi Viswanathan,20,Female,Surat,2025-01-27,9255466590,dominic51@example.net
CUST000849,Darika Mahal,22,Female,Pune,2026-06-17,04397429250,beneta@example.net
CUST000049,Chakradev Singhal,40,Male,Chandigarh,2025-12-09,06551256746,shagaurang@example.com
CUST000469,Tanvi Bhatti,56,Female,Pune,2026-01-09,00630489138,daksharay@example.com
CUST000882,Ronith Mand,27,Male,Indore,2024-02-19,05489547876,upasnanazareth@example.org
CUST000156,Tanmayi Gour,65,Female,Jaipur,2023-08-19,+916609379660,sameshmallick@example.net
CUST000915,Mohammed Narayanan,52,Male,Hyderabad,2025-01-06,+910910903267,lokebishakha@example.net
CUST000662,Jason Vyas,60,Male,Surat,2023-12-10,05881056974,janilaksh@example.net
CUST000063,Vasana Pillay,21,Female,Delhi,2025-04-13,4965137098,timothy17@example.net
CUST000285,Pooja Mangat,58,Female,Chennai,2024-10-01,08077406493,prakashranbir@example.com
CUST000177,Brinda Taneja,54,Female,Hyderabad,2026-02-16,08507925241,kariyashodhara@example.org
CUST000161,Yash Ganesh,62,Male,Hyderabad,2026-02-17,+919034043842,jtandon@example.net
CUST000856,Leena Ramaswamy,53,Female,Bengaluru,2023-09-21,+914707986321,ramhredhaan@example.net
CUST000501,Bakhshi Raju,40,Male,Kochi,2024-10-14,03348170580,etaroy@example.com
CUST000710,Faraj Goel,41,Male,Jaipur,2023-12-15,+911610705184,anaynatarajan@example.net
CUST000180,Harish Manne,39,Male,Indore,2024-12-21,4937597383,abeerrout@example.org
CUST000025,Qabil Sankar,51,Male,Kolkata,2026-02-23,+915951484656,missing_at_sign.com
CUST000664,Bhanumati Mallick,63,Female,Hyderabad,2023-11-27,6706670336,raaginiwalia@example.org
CUST000930,Hitesh Ganesh,26,Male,Pune,2025-05-01,+919791378765,rushil00@example.com
CUST000179,Ria Dar,49,Female,Chennai,2024-07-17,0238061744,gabriel87@example.org
CUST000763,Amol Thaman,40,Male,Jaipur,2023-10-28,08749511918,walinathan@example.net
CUST000876,Bahadurjit Bhattacharyya,26,Male,Mumbai,2026-05-11,+914576832102,groverronith@example.com
CUST000640,Harish Mitra,46,Male,Chennai,2023-12-19,01497826612,gmunshi@example.net
CUST000529,Vedant Ratti,54,Male,Kolkata,2023-10-23,2091843579,avarma@example.net
CUST000347,Varenya Rajagopalan,53,Female,Indore,2025-12-05,03269097384,cperi@example.org
CUST000418,Benjamin Murthy,61,Male,Kolkata,2025-07-26,4165162319,vigzayan@example.com
CUST000475,Gopal Chana,20,Male,Ahmedabad,2025-12-24,4337504793,hayremeghana@example.org
CUST000963,Krish Vaidya,49,Male,Kolkata,2026-03-01,+915505429608,singhalchatresh@example.com
CUST000903,Umang Dey,20,Male,Nagpur,2024-05-10,4632037476,xshroff@example.org
CUST000386,Vritti Mann,58,Female,Ahmedabad,2025-05-02,2975170281,aryan69@example.org
CUST000412,Om Taneja,22,Male,Bengaluru,2024-05-23,5294563718,bhavnalanka@example.org
CUST000075,Gaurangi Pingle,33,Female,Nagpur,2023-11-28,05991022901,saanvi67@example.net
CUST000602,Vasatika Sachdev,53,Female,Mumbai,2023-11-14,05586851276,peter89@example.org
CUST000537,Jagrati Kar,26,Female,Bengaluru,2026-05-31,0276420865,wsolanki@example.com
CUST000244,Fiyaz Yogi,42,Male,Lucknow,2024-05-02,0133613861,arjunsharaf@example.net
CUST000575,Chakrika Loyal,250,Female,Lucknow,2023-09-25,+919001851327,tgade@example.com
CUST000803,Ridhi Chandran,28,Female,Nagpur,2025-03-20,+910800564099,ekaraj23@example.net
CUST000666,Vincent Samra,60,Male,Ahmedabad,2026-03-26,9842673204,frederick38@example.com
CUST000117,Mitali Dara,36,Female,Delhi,2025-03-24,8665240415,vkunda@example.com
CUST000313,Caleb Raja,21,Male,Hyderabad,2023-08-23,9363926495,ndeep@example.net
CUST000436,Charita Rastogi,46,Female,Indore,2026-02-25,02361032664,jaimisra@example.com
CUST000202,Triveni Karan,22,Female,Kolkata,2026-04-13,0686879374,ranabakhshi@example.net
CUST000137,Ishwar Raghavan,46,Male,Hyderabad,2025-01-23,3785477725,logansuresh@example.org
CUST000309,Hitesh Jani,46,Male,Chennai,2024-09-27,8487920698,kumeronkar@example.org
CUST000431,Meera Patel,43,Female,Kolkata,2023-10-28,04494856257,riabera@example.org
CUST000661,Krisha Master,51,Female,Lucknow,2023-11-08,+919671114837,
CUST000911,Imaran Kothari,38,Male,Bengaluru,2023-09-02,02188566695,finn32@example.net
CUST000371,Kamya Saxena,63,Female,Ahmedabad,2025-10-16,9563531531,nitaraiyengar@example.com
CUST000567,Lajita Palan,21,Female,Hyderabad,2024-11-18,07161768802,kai40@example.net
CUST000831,Adya Mittal,22,Female,Bengaluru,2026-03-01,03766046558,tray@example.com
CUST000001,Advik Maharaj,18,Male,Jaipur,2025-01-30,+913218196001,virajtiwari@example.net
CUST000825,Chasmum Bhattacharyya,65,Female,Lucknow,2024-07-31,+910005155323,dominic59@example.com
CUST000182,Samuel Pradhan,33,Male,Hyderabad,2024-01-02,,
CUST000261,Chakradhar Subramaniam,57,Male,Pune,2025-06-03,2980686508,zkarnik@example.com
CUST000622,Arjun Modi,20,Male,Nagpur,2024-02-27,+914596422971,eiravatidivan@example.net
CUST000971,Chakradev Chandra,54,Male,Lucknow,2026-03-09,9787180933,horawaida@example.org
CUST000405,Chatura Das,26,Male,Chandigarh,2025-09-20,07732010170,lavanyanarain@example.org
CUST000613,Wridesh Iyengar,59,Male,Indore,2024-04-13,+915847768634,rudramand@example.com
CUST000814,Lucky Lal,26,Male,Nagpur,2025-03-14,+911631873280,gsrinivas@example.org
CUST000769,Henry Dara,28,Male,Hyderabad,2025-02-21,09556331857,yashoda17@example.org
CUST000407,Umang Murty,26,Male,Indore,2025-05-13,07700284276,devikaramachandran@example.com
CUST000779,Pavani Venkataraman,63,Female,Ahmedabad,2025-06-28,01560821371,merchantjonathan@example.com
CUST000726,Zehaan Rajagopalan,42,Male,Bengaluru,2025-11-23,7076604641,xthakkar@example.com
CUST000297,Arya Peri,52,Female,Delhi,2025-01-02,+919103717058,ypillay@example.net
CUST000296,Yutika Bhavsar,23,Female,kolkata,2025-07-29,+912203173109,hsuri@example.net
CUST000462,Ekavir Sama,45,Male,Mumbai,2025-08-02,+914432701851,sahnivasana@example.net
CUST000029,Jeet Dara,50,Male,Kochi,2024-12-31,02788957986,vdutt@example.com
CUST000051,Lila Deep,21,Female,Chandigarh,2024-01-28,07710932480,ochander@example.org
CUST000905,Anmol Srinivas,21,Male,Kolkata,2026-03-18,+915534820128,darpan08@example.org
CUST000378,Qabil Behl,50,Male,Bengaluru,2023-12-14,+916579055281,lakshitnatt@example.org
CUST000799,Xalak Sankar,58,Female,Delhi,2024-01-30,2637484539,xdhawan@example.net
CUST000604,Zayan Bali,25,Male,Lucknow,2025-12-31,4633786137,panchalucchal@example.com
CUST000106,Jagrati Saha,45,Female,Chennai,2025-04-13,0784473647,bhasinnakul@example.com
CUST000127,Udyati Padmanabhan,33,Female,Jaipur,2025-10-06,1801704622,yprasad@example.com
CUST000840,Nitara Raj,21,Female,Kochi,2024-11-10,2650622923,babumahika@example.com
CUST000805,Dipta Muni,41,Female,Pune,2023-12-26,01529821739,geetikasha@example.net
CUST000888,Liam Chokshi,40,Male,Kochi,2024-11-30,,nazaretharadhana@example.com
CUST000133,Turvi Wagle,45,Female,Kochi,2026-05-09,+916343517518,charanloyal@example.com
CUST000995,Nathan Deo,30,Male,Kolkata,2024-01-09,07895613371,damyanti49@example.org
CUST000356,Udant Panchal,21,Male,Ahmedabad,2023-12-31,+914430091093,dargabriel@example.net
CUST000460,Sathvik Gaba,36,Male,Chandigarh,2024-08-05,+918277288137,vbali@example.org
CUST000683,Dev Setty,52,Male,Mumbai,2025-02-04,01176741241,farhan31@example.com
CUST000828,Vanya Bahri,18,Female,Mumbai,2026-06-26,09551512294,hdoctor@example.net
CUST000965,Shivani Krishnan,42,Female,Bengaluru,2025-08-08,1880442877,zaitrahari@example.com
CUST000623,Vansha Das,33,Female,Kolkata,2023-08-12,8397745731,chaman15@example.net
CUST000210,Janya Kar,28,Female,Pune,2023-12-24,3468007229,kapurzayyan@example.net
CUST000958,Ekaraj Kannan,27,Male,Lucknow,2026-04-11,1829716815,rgala@example.com
CUST000616,Tanish Grewal,59,Male,Chandigarh,2024-04-08,03135525105,narasimhantanay@example.com
CUST000141,Amol Chander,39,Male,Kolkata,2025-10-22,06687002176,girish80@example.org
CUST000218,Sanaya Agrawal,46,Female,Ahmedabad,2025-02-21,+918350583003,hemanginimuni@example.org
CUST000396,Sathvik Sharma,63,Male,Indore,2025-06-13,+911207545279,orinder40@example.net
CUST000363,Darika Tata,31,Other,Delhi,2023-07-26,7005050613,
CUST000302,Champak Barad,62,Male,Mumbai,2026-02-15,05224593344,rattateerth@example.net
CUST000346,Ekani Apte,35,Female,Chennai,2024-03-02,+910276212679,dgole@example.net
CUST000582,Ekalinga Choudhary,39,Male,Indore,2024-02-26,+915524728633,dakshdevi@example.org
CUST000023,Isaac Bajwa,27,Male,Delhi,2024-02-20,3654145868,ayaan14@example.org
CUST000712,Yashawini Rout,26,Female,Jaipur,2024-02-15,+910448515791,hchakrabarti@example.org
CUST000134,Bina Guha,28,Female,Lucknow,2026-01-09,8373540331,skibe@example.net
CUST000446,Udyati Mutti,51,Female,Bengaluru,2024-01-02,1467179576,edwinbhavna@example.net
CUST000872,Tarak Roy,21,Other,Kolkata,2026-04-13,+910290871827,lipika80@example.com
CUST000565,Noah Patel,53,Male,Hyderabad,2025-01-16,5989534396,
CUST000661,Krisha Master,51,Female,lucknow,2023-11-08,,thomas74@example.com
CUST000011,Pallavi Bail,41,Female,Chennai,2024-06-08,8393010310,ekavir83@example.com
CUST000660,Ishaan Sachar,29,Male,Lucknow,2026-04-06,8900301027,barkhabassi@example.com
CUST000069,Yoshita Mitra,38,Female,Ahmedabad,2026-06-15,00076617711,manbir12@example.com
CUST000283,Dominic Vyas,56,Male,Surat,2023-10-19,+910055778487,petershan@example.net
CUST000811,Arin Raj,45,Male,CHENNAI,2024-03-13,+911403526356,dugallucky@example.net
CUST000794,Benjamin Naik,22,Male,Jaipur,2025-07-13,+917038240733,upkaarsarraf@example.net
CUST000292,Garima Prabhu,34,Female,Pune,2024-06-11,+913271950052,dassvinaya@example.org
CUST000932,Dipta Bali,29,Female,Chandigarh,2025-04-20,5348640104,aarnaraghavan@example.org
CUST000755,Champak Savant,57,Male,Chennai,2026-02-02,08231334845,rchauhan@example.com
CUST000627,Qushi Lanka,26,Female,Indore,2023-11-03,+918156326868,chatresh74@example.com
CUST000095,Gagan Shetty,44,Male,Kochi,2025-05-21,7221704303,muttidayita@example.net
CUST000678,Daniel Nayar,21,Male,Kolkata,2026-03-11,09991015767,wmann@example.com
CUST000130,Anika Sekhon,25,Female,Delhi,2024-12-02,0306738302,vivaan95@example.net
CUST000685,Imaran Hayre,63,Male,Hyderabad,2024-05-01,07272742318,aarushsaraf@example.org
CUST000844,Udant Pingle,28,Male,Bengaluru,2023-08-03,03353574859,robert25@example.net
CUST000324,Jason Mall,55,Male,Chennai,2026-05-27,8302205020,garima10@example.org
CUST000047,Mitali Sarna,33,Female,Kochi,2026-03-05,+917464887719,sankaranekantika@example.net
CUST001000,Yadavi Keer,30,Female,Delhi,2024-06-30,08205068212,udarshpalla@example.com
CUST000261,Chakradhar Subramaniam,57,Male,Pune,2025-06-03,2980686508,zkarnik@example.com
CUST000648,Vinaya Shanker,36,Female,Lucknow,2025-04-29,00258835868,ghoshmax@example.com
CUST000334,Harshil Bansal,45,Male,Chandigarh,2024-09-23,0000000000000,chauhandevika@example.org
CUST000015,Luke Sampath,61,Male,Pune,2024-10-02,8723430980,dakshesh09@example.com
CUST000696,Kala Sekhon,63,Female,Pune,2024-11-26,07914521182,
CUST000948,Abhiram Bose,36,Male,Indore,2023-09-17,+919236037681,sastrykrishna@example.org
CUST000216,Rayaan Wagle,35,Male,Hyderabad,2024-05-11,06022356972,pranit17@example.com
CUST000877,Lekha Sridhar,55,Female,Kolkata,2023-12-11,+912961803324,mahikaapte@example.com
CUST000228,Omkaar Venkataraman,28,Male,Chennai,2024-02-10,9163756289,aptenaksh@example.net
CUST000815,Anirudh Rama,59,Male,Surat,2024-04-08,+911136957279,thakurranbir@example.org
CUST000159,Yashodhara Rama,57,Female,Hyderabad,2023-08-21,09296627828,vrishtimani@example.org
CUST000909,Warhi Bhatti,52,Female,Chennai,2026-03-19,+917271175957,ganga58@example.org
CUST000806,Vanya Dada,21,Female,Chandigarh,2024-06-13,8153523736,parmardaniel@example.com
CUST000118,Harrison Yohannan,47,Male,Indore,2025-04-30,08421993308,virajben@example.org
CUST000865,Chameli Kulkarni,55,Female,Jaipur,2025-08-03,+915577820582,nathaniel92@example.org
CUST000842,Ayushman Pandit,37,Male,Ahmedabad,2023-10-31,+911579423873,aswaminathan@example.com
CUST000635,Laksh Sengupta,27,Male,Kolkata,2025-10-24,2455696443,venkateshhemal@example.net
CUST000517,Gabriel Jayaraman,25,Male,Hyderabad,2026-02-20,,chavvimangal@example.net
CUST000522,Barkha Rajan,47,Female,Jaipur,2026-05-30,03370502497,aachalkota@example.net
CUST000834,Divya Bhalla,44,Female,Chandigarh,2026-05-02,,buchlila@example.com
CUST000598,Mahika Ravel,52,Female,Nagpur,2026-03-01,+914768342016,chameli23@example.com
CUST000196,Libni Kadakia,20,Female,Bengaluru,2025-01-22,+911541006762,ytailor@example.com
CUST000254,Wyatt Parmer,63,Male,Kochi,2026-03-05,,lipika77@example.org
CUST000289,Noah Buch,38,Male,Nagpur,2025-03-06,+910461872346,darayuvraj@example.com
CUST000951,Maya Acharya,39,Female,Lucknow,2024-01-17,05578201904,orinderdugar@example.org
CUST000411,Kiaan Bahri,30,Male,Indore,2026-04-01,7905696591,schaudhry@example.net
CUST000997,Rushil Singhal,21,Male,Lucknow,2025-08-14,1277822102,swamyqabil@example.org
CUST000800,Aarini Bera,25,Female,Jaipur,2023-08-13,5911918623,praneelgolla@example.org
CUST000550,Aayush Varghese,44,Male,Kolkata,2024-05-16,2226940539,lshankar@example.com
CUST000157,Dalaja Yadav,59,Female,Chennai,2024-10-12,+915537147859,lramanathan@example.org
CUST000420,Xalak Walla,33,Female,Hyderabad,2026-07-08,01586734257,darika09@example.org
CUST000923,Anthony Mane,19,Male,Hyderabad,2024-10-01,00691767993,udant74@example.com
CUST000478,Yug Pathak,41,Male,Jaipur,2025-08-08,0304687506,gaurikabumb@example.net
